,name,count,correct_count,correct_mean,correct_std,correct_std_error,correct_instruction_following,correct_correct_logprobs_count,correct_correct_logprobs_mean,correct_correct_logprobs_std,correct_correct_logprobs_std_error,correct_correct_logprobs_instruction_following,correct_incorrect_logprobs_count,correct_incorrect_logprobs_mean,correct_incorrect_logprobs_std,correct_incorrect_logprobs_std_error,correct_incorrect_logprobs_instruction_following,n_comparisons,best_count,best_mean,best_std,best_std_error,best_instruction_following,best_correct_logprobs_count,best_correct_logprobs_mean,best_correct_logprobs_std,best_correct_logprobs_std_error,best_correct_logprobs_instruction_following,best_incorrect_logprobs_count,best_incorrect_logprobs_mean,best_incorrect_logprobs_std,best_incorrect_logprobs_std_error,best_incorrect_logprobs_instruction_following,verdict_model_name
0,all,176,176.0,0.20454545454545456,0.4033690761204284,0.030405088125540162,1.0,0.0,,,,0.0,0.0,,,,0.0,1,,,,,,,,,,,,,,,,mistralai/Mixtral-8x22B-Instruct-v0.1
1,all,176,,,,,,,,,,,,,,,,1,0.0,,,,0.0,0.0,,,,0.0,0.0,,,,0.0,mistralai/Mixtral-8x22B-Instruct-v0.1
2,-1_all,160,160.0,0.13125,0.33767356648100244,0.0266954393928064,1.0,0.0,,,,0.0,0.0,,,,0.0,1,,,,,,,,,,,,,,,,mistralai/Mixtral-8x22B-Instruct-v0.1
3,-1_c_same_model_family,0,0.0,,,,,0.0,,,,,0.0,,,,,1,,,,,,,,,,,,,,,,mistralai/Mixtral-8x22B-Instruct-v0.1
4,-1_c_not_same_model_family,160,160.0,0.13125,0.33767356648100244,0.0266954393928064,1.0,0.0,,,,0.0,0.0,,,,0.0,1,,,,,,,,,,,,,,,,mistralai/Mixtral-8x22B-Instruct-v0.1
5,-1_c_name_drop_flag,0,0.0,,,,,0.0,,,,,0.0,,,,,1,,,,,,,,,,,,,,,,mistralai/Mixtral-8x22B-Instruct-v0.1
6,-1_c_not_name_drop_flag,160,160.0,0.13125,0.33767356648100244,0.0266954393928064,1.0,0.0,,,,0.0,0.0,,,,0.0,1,,,,,,,,,,,,,,,,mistralai/Mixtral-8x22B-Instruct-v0.1
7,-1_c_name_drop_any_specific_flag,18,18.0,0.3333333333333333,0.4714045207910317,0.11111111111111112,1.0,0.0,,,,0.0,0.0,,,,0.0,1,,,,,,,,,,,,,,,,mistralai/Mixtral-8x22B-Instruct-v0.1
8,-1_c_not_name_drop_any_specific_flag,142,142.0,0.1056338028169014,0.3073683498985239,0.02579377893652553,1.0,0.0,,,,0.0,0.0,,,,0.0,1,,,,,,,,,,,,,,,,mistralai/Mixtral-8x22B-Instruct-v0.1
9,-1_c_same_model_family_name_drop_flag,0,0.0,,,,,0.0,,,,,0.0,,,,,1,,,,,,,,,,,,,,,,mistralai/Mixtral-8x22B-Instruct-v0.1
10,-1_c_same_model_family_not_name_drop_flag,0,0.0,,,,,0.0,,,,,0.0,,,,,1,,,,,,,,,,,,,,,,mistralai/Mixtral-8x22B-Instruct-v0.1
11,-1_c_not_same_model_family_name_drop_flag,0,0.0,,,,,0.0,,,,,0.0,,,,,1,,,,,,,,,,,,,,,,mistralai/Mixtral-8x22B-Instruct-v0.1
12,-1_c_not_same_model_family_not_name_drop_flag,160,160.0,0.13125,0.33767356648100244,0.0266954393928064,1.0,0.0,,,,0.0,0.0,,,,0.0,1,,,,,,,,,,,,,,,,mistralai/Mixtral-8x22B-Instruct-v0.1
13,-1_c_same_model_family_name_drop_any_specific_flag,0,0.0,,,,,0.0,,,,,0.0,,,,,1,,,,,,,,,,,,,,,,mistralai/Mixtral-8x22B-Instruct-v0.1
14,-1_c_same_model_family_not_name_drop_any_specific_flag,0,0.0,,,,,0.0,,,,,0.0,,,,,1,,,,,,,,,,,,,,,,mistralai/Mixtral-8x22B-Instruct-v0.1
15,-1_c_not_same_model_family_name_drop_any_specific_flag,18,18.0,0.3333333333333333,0.4714045207910317,0.11111111111111112,1.0,0.0,,,,0.0,0.0,,,,0.0,1,,,,,,,,,,,,,,,,mistralai/Mixtral-8x22B-Instruct-v0.1
16,-1_c_not_same_model_family_not_name_drop_any_specific_flag,142,142.0,0.1056338028169014,0.3073683498985239,0.02579377893652553,1.0,0.0,,,,0.0,0.0,,,,0.0,1,,,,,,,,,,,,,,,,mistralai/Mixtral-8x22B-Instruct-v0.1
17,0_all,16,16.0,0.9375,0.24206145913796356,0.06051536478449089,1.0,0.0,,,,0.0,0.0,,,,0.0,1,,,,,,,,,,,,,,,,mistralai/Mixtral-8x22B-Instruct-v0.1
18,0_c_same_model_family,0,0.0,,,,,0.0,,,,,0.0,,,,,1,,,,,,,,,,,,,,,,mistralai/Mixtral-8x22B-Instruct-v0.1
19,0_c_not_same_model_family,16,16.0,0.9375,0.24206145913796356,0.06051536478449089,1.0,0.0,,,,0.0,0.0,,,,0.0,1,,,,,,,,,,,,,,,,mistralai/Mixtral-8x22B-Instruct-v0.1
20,0_c_name_drop_flag,0,0.0,,,,,0.0,,,,,0.0,,,,,1,,,,,,,,,,,,,,,,mistralai/Mixtral-8x22B-Instruct-v0.1
21,0_c_not_name_drop_flag,16,16.0,0.9375,0.24206145913796356,0.06051536478449089,1.0,0.0,,,,0.0,0.0,,,,0.0,1,,,,,,,,,,,,,,,,mistralai/Mixtral-8x22B-Instruct-v0.1
22,0_c_name_drop_any_specific_flag,0,0.0,,,,,0.0,,,,,0.0,,,,,1,,,,,,,,,,,,,,,,mistralai/Mixtral-8x22B-Instruct-v0.1
23,0_c_not_name_drop_any_specific_flag,16,16.0,0.9375,0.24206145913796356,0.06051536478449089,1.0,0.0,,,,0.0,0.0,,,,0.0,1,,,,,,,,,,,,,,,,mistralai/Mixtral-8x22B-Instruct-v0.1
24,0_c_same_model_family_name_drop_flag,0,0.0,,,,,0.0,,,,,0.0,,,,,1,,,,,,,,,,,,,,,,mistralai/Mixtral-8x22B-Instruct-v0.1
25,0_c_same_model_family_not_name_drop_flag,0,0.0,,,,,0.0,,,,,0.0,,,,,1,,,,,,,,,,,,,,,,mistralai/Mixtral-8x22B-Instruct-v0.1
26,0_c_not_same_model_family_name_drop_flag,0,0.0,,,,,0.0,,,,,0.0,,,,,1,,,,,,,,,,,,,,,,mistralai/Mixtral-8x22B-Instruct-v0.1
27,0_c_not_same_model_family_not_name_drop_flag,16,16.0,0.9375,0.24206145913796356,0.06051536478449089,1.0,0.0,,,,0.0,0.0,,,,0.0,1,,,,,,,,,,,,,,,,mistralai/Mixtral-8x22B-Instruct-v0.1
28,0_c_same_model_family_name_drop_any_specific_flag,0,0.0,,,,,0.0,,,,,0.0,,,,,1,,,,,,,,,,,,,,,,mistralai/Mixtral-8x22B-Instruct-v0.1
29,0_c_same_model_family_not_name_drop_any_specific_flag,0,0.0,,,,,0.0,,,,,0.0,,,,,1,,,,,,,,,,,,,,,,mistralai/Mixtral-8x22B-Instruct-v0.1
30,0_c_not_same_model_family_name_drop_any_specific_flag,0,0.0,,,,,0.0,,,,,0.0,,,,,1,,,,,,,,,,,,,,,,mistralai/Mixtral-8x22B-Instruct-v0.1
31,0_c_not_same_model_family_not_name_drop_any_specific_flag,16,16.0,0.9375,0.24206145913796356,0.06051536478449089,1.0,0.0,,,,0.0,0.0,,,,0.0,1,,,,,,,,,,,,,,,,mistralai/Mixtral-8x22B-Instruct-v0.1
32,all,320,319.0,0.40752351097178685,0.4913736856782369,0.027511644669202077,0.996875,130.0,-0.05085185946725,0.1853740540445774,0.016258380067125124,0.40625,189.0,-0.05812074581966323,0.2961865510711246,0.021544401430338606,0.590625,2,,,,,,,,,,,,,,,,mistralai/Mixtral-8x22B-Instruct-v0.1
33,all,320,,,,,,,,,,,,,,,,2,319.0,0.542319749216301,0.4982058197434765,0.02789417073889948,0.996875,173.0,-0.027387997978664334,0.10197588512671137,0.0077530829770855415,0.540625,146.0,-0.08806465096130082,0.36037540783859506,0.02982488096347012,0.45625,mistralai/Mixtral-8x22B-Instruct-v0.1
34,0_all,160,160.0,0.7125,0.4525966747557918,0.03578090884116836,1.0,114.0,-0.029656091248083334,0.11870074812485702,0.011117343651787345,0.7125,46.0,-0.13023094776154345,0.4621668827235652,0.06814278925877339,0.2875,2,,,,,,,,,,,,,,,,mistralai/Mixtral-8x22B-Instruct-v0.1
35,0_c_same_model_family,16,16.0,0.75,0.4330127018922193,0.10825317547305482,1.0,12.0,-0.012639522533916666,0.028277715765215757,0.008163073404557521,0.75,4.0,-0.009365081692499999,0.009617361577434667,0.004808680788717334,0.25,2,,,,,,,,,,,,,,,,mistralai/Mixtral-8x22B-Instruct-v0.1
36,0_c_not_same_model_family,144,144.0,0.7083333333333334,0.45452967144315476,0.0378774726202629,1.0,102.0,-0.03165804050857353,0.12496139786277129,0.012373022106075363,0.7083333333333334,42.0,-0.14174198262526194,0.48208745241731893,0.0743877088826829,0.2916666666666667,2,,,,,,,,,,,,,,,,mistralai/Mixtral-8x22B-Instruct-v0.1
37,0_c_name_drop_flag,0,0.0,,,,,0.0,,,,,0.0,,,,,2,,,,,,,,,,,,,,,,mistralai/Mixtral-8x22B-Instruct-v0.1
38,0_c_not_name_drop_flag,160,160.0,0.7125,0.4525966747557918,0.03578090884116836,1.0,114.0,-0.029656091248083334,0.11870074812485702,0.011117343651787345,0.7125,46.0,-0.13023094776154345,0.4621668827235652,0.06814278925877339,0.2875,2,,,,,,,,,,,,,,,,mistralai/Mixtral-8x22B-Instruct-v0.1
39,0_c_name_drop_any_specific_flag,18,18.0,0.7222222222222222,0.44790320823880836,0.10557179862029058,1.0,13.0,-0.020699088379076927,0.06845684391033156,0.0189865123750104,0.7222222222222222,5.0,-0.006786155594,0.009208169320966731,0.004118018510001938,0.2777777777777778,2,,,,,,,,,,,,,,,,mistralai/Mixtral-8x22B-Instruct-v0.1
40,0_c_not_name_drop_any_specific_flag,142,142.0,0.7112676056338029,0.45317325473792025,0.03802945474546994,1.0,101.0,-0.030808972805480197,0.12364694582392288,0.012303330955068298,0.7112676056338029,41.0,-0.14528519070880488,0.48739250445706733,0.07611792093736941,0.2887323943661972,2,,,,,,,,,,,,,,,,mistralai/Mixtral-8x22B-Instruct-v0.1
41,0_c_same_model_family_name_drop_flag,0,0.0,,,,,0.0,,,,,0.0,,,,,2,,,,,,,,,,,,,,,,mistralai/Mixtral-8x22B-Instruct-v0.1
42,0_c_same_model_family_not_name_drop_flag,16,16.0,0.75,0.4330127018922193,0.10825317547305482,1.0,12.0,-0.012639522533916666,0.028277715765215757,0.008163073404557521,0.75,4.0,-0.009365081692499999,0.009617361577434667,0.004808680788717334,0.25,2,,,,,,,,,,,,,,,,mistralai/Mixtral-8x22B-Instruct-v0.1
43,0_c_not_same_model_family_name_drop_flag,0,0.0,,,,,0.0,,,,,0.0,,,,,2,,,,,,,,,,,,,,,,mistralai/Mixtral-8x22B-Instruct-v0.1
44,0_c_not_same_model_family_not_name_drop_flag,144,144.0,0.7083333333333334,0.45452967144315476,0.0378774726202629,1.0,102.0,-0.03165804050857353,0.12496139786277129,0.012373022106075363,0.7083333333333334,42.0,-0.14174198262526194,0.48208745241731893,0.0743877088826829,0.2916666666666667,2,,,,,,,,,,,,,,,,mistralai/Mixtral-8x22B-Instruct-v0.1
45,0_c_same_model_family_name_drop_any_specific_flag,0,0.0,,,,,0.0,,,,,0.0,,,,,2,,,,,,,,,,,,,,,,mistralai/Mixtral-8x22B-Instruct-v0.1
46,0_c_same_model_family_not_name_drop_any_specific_flag,16,16.0,0.75,0.4330127018922193,0.10825317547305482,1.0,12.0,-0.012639522533916666,0.028277715765215757,0.008163073404557521,0.75,4.0,-0.009365081692499999,0.009617361577434667,0.004808680788717334,0.25,2,,,,,,,,,,,,,,,,mistralai/Mixtral-8x22B-Instruct-v0.1
47,0_c_not_same_model_family_name_drop_any_specific_flag,18,18.0,0.7222222222222222,0.44790320823880836,0.10557179862029058,1.0,13.0,-0.020699088379076927,0.06845684391033156,0.0189865123750104,0.7222222222222222,5.0,-0.006786155594,0.009208169320966731,0.004118018510001938,0.2777777777777778,2,,,,,,,,,,,,,,,,mistralai/Mixtral-8x22B-Instruct-v0.1
48,0_c_not_same_model_family_not_name_drop_any_specific_flag,126,126.0,0.7063492063492064,0.4554338646159864,0.040573273422081155,1.0,89.0,-0.03325878632524157,0.13111681255620897,0.01389835433427728,0.7063492063492064,37.0,-0.1599792565484054,0.5108909450087125,0.08398995398290932,0.29365079365079366,2,,,,,,,,,,,,,,,,mistralai/Mixtral-8x22B-Instruct-v0.1
49,1_all,160,159.0,0.10062893081761007,0.30083674825412327,0.023857906024522257,0.99375,16.0,-0.2018717080288125,0.3909034135663799,0.09772585339159498,0.1,143.0,-0.03492445708311433,0.2121921333147327,0.017744397607080464,0.89375,2,,,,,,,,,,,,,,,,mistralai/Mixtral-8x22B-Instruct-v0.1
50,1_c_same_model_family,16,16.0,0.125,0.33071891388307384,0.08267972847076846,1.0,2.0,-0.010913848949999999,0.00934982305,0.006611323281549289,0.125,14.0,-0.17443605813297142,0.6021058378188694,0.16091955397819183,0.875,2,,,,,,,,,,,,,,,,mistralai/Mixtral-8x22B-Instruct-v0.1
51,1_c_not_same_model_family,144,143.0,0.0979020979020979,0.2971822288234374,0.024851626436969847,0.9930555555555556,14.0,-0.22915140218292857,0.4106931831455834,0.10976237017245538,0.09722222222222222,129.0,-0.01978366317072674,0.09069692702386505,0.007985419159911094,0.8958333333333334,2,,,,,,,,,,,,,,,,mistralai/Mixtral-8x22B-Instruct-v0.1
52,1_c_name_drop_flag,0,0.0,,,,,0.0,,,,,0.0,,,,,2,,,,,,,,,,,,,,,,mistralai/Mixtral-8x22B-Instruct-v0.1
53,1_c_not_name_drop_flag,160,159.0,0.10062893081761007,0.30083674825412327,0.023857906024522257,0.99375,16.0,-0.2018717080288125,0.3909034135663799,0.09772585339159498,0.1,143.0,-0.03492445708311433,0.2121921333147327,0.017744397607080464,0.89375,2,,,,,,,,,,,,,,,,mistralai/Mixtral-8x22B-Instruct-v0.1
54,1_c_name_drop_any_specific_flag,18,18.0,0.2222222222222222,0.41573970964154905,0.09799078929868855,1.0,4.0,-0.0024813413389999997,0.002341298792651844,0.001170649396325922,0.2222222222222222,14.0,-0.00090867280962,0.0019655250424841304,0.0005253086638642795,0.7777777777777778,2,,,,,,,,,,,,,,,,mistralai/Mixtral-8x22B-Instruct-v0.1
55,1_c_not_name_drop_any_specific_flag,142,141.0,0.0851063829787234,0.27903993720434045,0.023499401917091614,0.9929577464788732,12.0,-0.26833516359208337,0.4313574473552169,0.12452216917374216,0.08450704225352113,129.0,-0.03861609258566411,0.22309721792954937,0.019642614772479694,0.9084507042253521,2,,,,,,,,,,,,,,,,mistralai/Mixtral-8x22B-Instruct-v0.1
56,1_c_same_model_family_name_drop_flag,0,0.0,,,,,0.0,,,,,0.0,,,,,2,,,,,,,,,,,,,,,,mistralai/Mixtral-8x22B-Instruct-v0.1
57,1_c_same_model_family_not_name_drop_flag,16,16.0,0.125,0.33071891388307384,0.08267972847076846,1.0,2.0,-0.010913848949999999,0.00934982305,0.006611323281549289,0.125,14.0,-0.17443605813297142,0.6021058378188694,0.16091955397819183,0.875,2,,,,,,,,,,,,,,,,mistralai/Mixtral-8x22B-Instruct-v0.1
58,1_c_not_same_model_family_name_drop_flag,0,0.0,,,,,0.0,,,,,0.0,,,,,2,,,,,,,,,,,,,,,,mistralai/Mixtral-8x22B-Instruct-v0.1
59,1_c_not_same_model_family_not_name_drop_flag,144,143.0,0.0979020979020979,0.2971822288234374,0.024851626436969847,0.9930555555555556,14.0,-0.22915140218292857,0.4106931831455834,0.10976237017245538,0.09722222222222222,129.0,-0.01978366317072674,0.09069692702386505,0.007985419159911094,0.8958333333333334,2,,,,,,,,,,,,,,,,mistralai/Mixtral-8x22B-Instruct-v0.1
60,1_c_same_model_family_name_drop_any_specific_flag,0,0.0,,,,,0.0,,,,,0.0,,,,,2,,,,,,,,,,,,,,,,mistralai/Mixtral-8x22B-Instruct-v0.1
61,1_c_same_model_family_not_name_drop_any_specific_flag,16,16.0,0.125,0.33071891388307384,0.08267972847076846,1.0,2.0,-0.010913848949999999,0.00934982305,0.006611323281549289,0.125,14.0,-0.17443605813297142,0.6021058378188694,0.16091955397819183,0.875,2,,,,,,,,,,,,,,,,mistralai/Mixtral-8x22B-Instruct-v0.1
62,1_c_not_same_model_family_name_drop_any_specific_flag,18,18.0,0.2222222222222222,0.41573970964154905,0.09799078929868855,1.0,4.0,-0.0024813413389999997,0.002341298792651844,0.001170649396325922,0.2222222222222222,14.0,-0.00090867280962,0.0019655250424841304,0.0005253086638642795,0.7777777777777778,2,,,,,,,,,,,,,,,,mistralai/Mixtral-8x22B-Instruct-v0.1
63,1_c_not_same_model_family_not_name_drop_any_specific_flag,126,125.0,0.08,0.27129319932501067,0.024265201420964954,0.9920634920634921,10.0,-0.3198194265205,0.4553700001676254,0.14400063786409528,0.07936507936507936,115.0,-0.022081488084252785,0.09580307257085793,0.008933682581652074,0.9126984126984127,2,,,,,,,,,,,,,,,,mistralai/Mixtral-8x22B-Instruct-v0.1
64,0_all,160,,,,,,,,,,,,,,,,2,159.0,0.8490566037735849,0.3579936973775523,0.028390746938236927,0.99375,135.0,-0.019866037333955037,0.08862018162476222,0.0076272108349017915,0.84375,24.0,-0.29851509646945834,0.6692232155620307,0.13660461684596417,0.15,mistralai/Mixtral-8x22B-Instruct-v0.1
65,0_b_same_model_family,16,,,,,,,,,,,,,,,,2,16.0,0.75,0.4330127018922193,0.10825317547305482,1.0,12.0,-0.012639522533916666,0.028277715765215757,0.008163073404557521,0.75,4.0,-0.009365081692499999,0.009617361577434667,0.004808680788717334,0.25,mistralai/Mixtral-8x22B-Instruct-v0.1
66,0_b_not_same_model_family,144,,,,,,,,,,,,,,,,2,143.0,0.8601398601398601,0.34684186762621666,0.02900437405383607,0.9930555555555556,123.0,-0.020571063168105124,0.09239118321697642,0.008330632441774294,0.8541666666666666,20.0,-0.35634509942485,0.719268587189066,0.1608333455034986,0.1388888888888889,mistralai/Mixtral-8x22B-Instruct-v0.1
67,0_b_name_drop_flag,0,,,,,,,,,,,,,,,,2,0.0,,,,,0.0,,,,,0.0,,,,,mistralai/Mixtral-8x22B-Instruct-v0.1
68,0_b_not_name_drop_flag,160,,,,,,,,,,,,,,,,2,159.0,0.8490566037735849,0.3579936973775523,0.028390746938236927,0.99375,135.0,-0.019866037333955037,0.08862018162476222,0.0076272108349017915,0.84375,24.0,-0.29851509646945834,0.6692232155620307,0.13660461684596417,0.15,mistralai/Mixtral-8x22B-Instruct-v0.1
69,0_b_name_drop_any_specific_flag,18,,,,,,,,,,,,,,,,2,18.0,0.7777777777777778,0.41573970964154905,0.09799078929868855,1.0,14.0,-0.0008487531087628571,0.0019708118013943387,0.0005267216096163132,0.7777777777777778,4.0,-0.008663654194999999,0.00949182082399842,0.00474591041199921,0.2222222222222222,mistralai/Mixtral-8x22B-Instruct-v0.1
70,0_b_not_name_drop_any_specific_flag,142,,,,,,,,,,,,,,,,2,141.0,0.8581560283687943,0.3488900390425204,0.02938184166206314,0.9929577464788732,121.0,-0.02206638426910124,0.09335456441326029,0.008486778583023663,0.852112676056338,20.0,-0.35648538492435,0.7192011608047153,0.16081826850561007,0.14084507042253522,mistralai/Mixtral-8x22B-Instruct-v0.1
71,0_b_same_model_family_name_drop_flag,0,,,,,,,,,,,,,,,,2,0.0,,,,,0.0,,,,,0.0,,,,,mistralai/Mixtral-8x22B-Instruct-v0.1
72,0_b_same_model_family_not_name_drop_flag,16,,,,,,,,,,,,,,,,2,16.0,0.75,0.4330127018922193,0.10825317547305482,1.0,12.0,-0.012639522533916666,0.028277715765215757,0.008163073404557521,0.75,4.0,-0.009365081692499999,0.009617361577434667,0.004808680788717334,0.25,mistralai/Mixtral-8x22B-Instruct-v0.1
73,0_b_not_same_model_family_name_drop_flag,0,,,,,,,,,,,,,,,,2,0.0,,,,,0.0,,,,,0.0,,,,,mistralai/Mixtral-8x22B-Instruct-v0.1
74,0_b_not_same_model_family_not_name_drop_flag,144,,,,,,,,,,,,,,,,2,143.0,0.8601398601398601,0.34684186762621666,0.02900437405383607,0.9930555555555556,123.0,-0.020571063168105124,0.09239118321697642,0.008330632441774294,0.8541666666666666,20.0,-0.35634509942485,0.719268587189066,0.1608333455034986,0.1388888888888889,mistralai/Mixtral-8x22B-Instruct-v0.1
75,0_b_same_model_family_name_drop_any_specific_flag,0,,,,,,,,,,,,,,,,2,0.0,,,,,0.0,,,,,0.0,,,,,mistralai/Mixtral-8x22B-Instruct-v0.1
76,0_b_same_model_family_not_name_drop_any_specific_flag,16,,,,,,,,,,,,,,,,2,16.0,0.75,0.4330127018922193,0.10825317547305482,1.0,12.0,-0.012639522533916666,0.028277715765215757,0.008163073404557521,0.75,4.0,-0.009365081692499999,0.009617361577434667,0.004808680788717334,0.25,mistralai/Mixtral-8x22B-Instruct-v0.1
77,0_b_not_same_model_family_name_drop_any_specific_flag,18,,,,,,,,,,,,,,,,2,18.0,0.7777777777777778,0.41573970964154905,0.09799078929868855,1.0,14.0,-0.0008487531087628571,0.0019708118013943387,0.0005267216096163132,0.7777777777777778,4.0,-0.008663654194999999,0.00949182082399842,0.00474591041199921,0.2222222222222222,mistralai/Mixtral-8x22B-Instruct-v0.1
78,0_b_not_same_model_family_not_name_drop_any_specific_flag,126,,,,,,,,,,,,,,,,2,125.0,0.872,0.33408980828513757,0.0298819008766176,0.9920634920634921,109.0,-0.023104203909672015,0.09785519626597745,0.009372827912902787,0.8650793650793651,16.0,-0.4432654607323125,0.780311383956082,0.1950778459890205,0.12698412698412698,mistralai/Mixtral-8x22B-Instruct-v0.1
79,1_all,160,,,,,,,,,,,,,,,,2,160.0,0.2375,0.42555111326373,0.033642769468341924,1.0,38.0,-0.0541107529006579,0.13611520848818603,0.02208080255846357,0.2375,122.0,-0.046664563320351814,0.23851317089674096,0.02159396786810316,0.7625,mistralai/Mixtral-8x22B-Instruct-v0.1
80,1_b_same_model_family,16,,,,,,,,,,,,,,,,2,16.0,0.125,0.33071891388307384,0.08267972847076846,1.0,2.0,-0.010913848949999999,0.00934982305,0.006611323281549289,0.125,14.0,-0.17443605813297142,0.6021058378188694,0.16091955397819183,0.875,mistralai/Mixtral-8x22B-Instruct-v0.1
81,1_b_not_same_model_family,144,,,,,,,,,,,,,,,,2,144.0,0.25,0.4330127018922193,0.03608439182435161,1.0,36.0,-0.05651058089791667,0.1394358858664241,0.023239314311070684,0.25,108.0,-0.030101591770567773,0.12197355519208494,0.01173691082069432,0.75,mistralai/Mixtral-8x22B-Instruct-v0.1
82,1_b_name_drop_flag,0,,,,,,,,,,,,,,,,2,0.0,,,,,0.0,,,,,0.0,,,,,mistralai/Mixtral-8x22B-Instruct-v0.1
83,1_b_not_name_drop_flag,160,,,,,,,,,,,,,,,,2,160.0,0.2375,0.42555111326373,0.033642769468341924,1.0,38.0,-0.0541107529006579,0.13611520848818603,0.02208080255846357,0.2375,122.0,-0.046664563320351814,0.23851317089674096,0.02159396786810316,0.7625,mistralai/Mixtral-8x22B-Instruct-v0.1
84,1_b_name_drop_any_specific_flag,18,,,,,,,,,,,,,,,,2,18.0,0.2777777777777778,0.44790320823880836,0.10557179862029058,1.0,5.0,-0.0018403053092,0.0021549248264935896,0.0009637116796883212,0.2777777777777778,13.0,-0.020763617287692306,0.06843796408811613,0.0189812760544666,0.7222222222222222,mistralai/Mixtral-8x22B-Instruct-v0.1
85,1_b_not_name_drop_any_specific_flag,142,,,,,,,,,,,,,,,,2,142.0,0.2323943661971831,0.422359118235883,0.03544358985301802,1.0,33.0,-0.06203051768724242,0.14441997197720222,0.02514029019497893,0.2323943661971831,109.0,-0.049753666975623126,0.25104827687332004,0.024046063844874323,0.7676056338028169,mistralai/Mixtral-8x22B-Instruct-v0.1
86,1_b_same_model_family_name_drop_flag,0,,,,,,,,,,,,,,,,2,0.0,,,,,0.0,,,,,0.0,,,,,mistralai/Mixtral-8x22B-Instruct-v0.1
87,1_b_same_model_family_not_name_drop_flag,16,,,,,,,,,,,,,,,,2,16.0,0.125,0.33071891388307384,0.08267972847076846,1.0,2.0,-0.010913848949999999,0.00934982305,0.006611323281549289,0.125,14.0,-0.17443605813297142,0.6021058378188694,0.16091955397819183,0.875,mistralai/Mixtral-8x22B-Instruct-v0.1
88,1_b_not_same_model_family_name_drop_flag,0,,,,,,,,,,,,,,,,2,0.0,,,,,0.0,,,,,0.0,,,,,mistralai/Mixtral-8x22B-Instruct-v0.1
89,1_b_not_same_model_family_not_name_drop_flag,144,,,,,,,,,,,,,,,,2,144.0,0.25,0.4330127018922193,0.03608439182435161,1.0,36.0,-0.05651058089791667,0.1394358858664241,0.023239314311070684,0.25,108.0,-0.030101591770567773,0.12197355519208494,0.01173691082069432,0.75,mistralai/Mixtral-8x22B-Instruct-v0.1
90,1_b_same_model_family_name_drop_any_specific_flag,0,,,,,,,,,,,,,,,,2,0.0,,,,,0.0,,,,,0.0,,,,,mistralai/Mixtral-8x22B-Instruct-v0.1
91,1_b_same_model_family_not_name_drop_any_specific_flag,16,,,,,,,,,,,,,,,,2,16.0,0.125,0.33071891388307384,0.08267972847076846,1.0,2.0,-0.010913848949999999,0.00934982305,0.006611323281549289,0.125,14.0,-0.17443605813297142,0.6021058378188694,0.16091955397819183,0.875,mistralai/Mixtral-8x22B-Instruct-v0.1
92,1_b_not_same_model_family_name_drop_any_specific_flag,18,,,,,,,,,,,,,,,,2,18.0,0.2777777777777778,0.44790320823880836,0.10557179862029058,1.0,5.0,-0.0018403053092,0.0021549248264935896,0.0009637116796883212,0.2777777777777778,13.0,-0.020763617287692306,0.06843796408811613,0.0189812760544666,0.7222222222222222,mistralai/Mixtral-8x22B-Instruct-v0.1
93,1_b_not_same_model_family_not_name_drop_any_specific_flag,126,,,,,,,,,,,,,,,,2,126.0,0.24603174603174602,0.4306972555941313,0.038369561139453466,1.0,31.0,-0.06532836728319356,0.14838348507098656,0.026650460651959987,0.24603174603174602,95.0,-0.031379419857698106,0.1275104824034689,0.013082299460989408,0.753968253968254,mistralai/Mixtral-8x22B-Instruct-v0.1
94,all,640,635.0,0.23937007874015748,0.42669900883888673,0.016933033649448863,0.9921875,152.0,-0.2798260528678355,0.6336120647433108,0.0513927247941283,0.2375,483.0,-0.17895705147195626,0.4542708295194953,0.02067003845560955,0.7546875,3,,,,,,,,,,,,,,,,mistralai/Mixtral-8x22B-Instruct-v0.1
95,all,640,,,,,,,,,,,,,,,,3,635.0,0.4094488188976378,0.4917321258581417,0.019513794176200836,0.9921875,260.0,-0.17101571518625727,0.4302574543440074,0.02668343457729372,0.40625,375.0,-0.2253486131958373,0.5496347647040392,0.028383017202605013,0.5859375,mistralai/Mixtral-8x22B-Instruct-v0.1
96,0_all,216,214.0,0.48598130841121495,0.49980343764938084,0.03416585962556655,0.9907407407407407,104.0,-0.21888074043982692,0.5979892358998672,0.058637668899458886,0.48148148148148145,110.0,-0.20884535240033186,0.5884324614547042,0.056104833829475946,0.5092592592592593,3,,,,,,,,,,,,,,,,mistralai/Mixtral-8x22B-Instruct-v0.1
97,0_c_same_model_family,39,38.0,0.47368421052631576,0.4993069989739547,0.08099829095409113,0.9743589743589743,18.0,-0.2021313841131667,0.6443250833857217,0.15186887858354384,0.46153846153846156,20.0,-0.1270767697643,0.1887459932386576,0.0422048871362354,0.5128205128205128,3,,,,,,,,,,,,,,,,mistralai/Mixtral-8x22B-Instruct-v0.1
98,0_c_not_same_model_family,177,176.0,0.48863636363636365,0.4998708510891539,0.037679183106780464,0.9943502824858758,86.0,-0.22238641967098838,0.5877685812226652,0.06338071611509043,0.4858757062146893,90.0,-0.2270161485416722,0.6430125690838627,0.06777947608071253,0.5084745762711864,3,,,,,,,,,,,,,,,,mistralai/Mixtral-8x22B-Instruct-v0.1
99,0_c_name_drop_flag,0,0.0,,,,,0.0,,,,,0.0,,,,,3,,,,,,,,,,,,,,,,mistralai/Mixtral-8x22B-Instruct-v0.1
100,0_c_not_name_drop_flag,216,214.0,0.48598130841121495,0.49980343764938084,0.03416585962556655,0.9907407407407407,104.0,-0.21888074043982692,0.5979892358998672,0.058637668899458886,0.48148148148148145,110.0,-0.20884535240033186,0.5884324614547042,0.056104833829475946,0.5092592592592593,3,,,,,,,,,,,,,,,,mistralai/Mixtral-8x22B-Instruct-v0.1
101,0_c_name_drop_any_specific_flag,31,31.0,0.3225806451612903,0.4674637660061109,0.08395897088010118,1.0,10.0,-0.071233367581,0.11564255374840807,0.03656938642834119,0.3225806451612903,21.0,-0.0314011124332381,0.059661178551246564,0.013019136512445866,0.6774193548387096,3,,,,,,,,,,,,,,,,mistralai/Mixtral-8x22B-Instruct-v0.1
102,0_c_not_name_drop_any_specific_flag,185,183.0,0.5136612021857924,0.49981333671165573,0.0369472650004036,0.9891891891891892,94.0,-0.23458790776523403,0.6258148427893825,0.06454787250770758,0.5081081081081081,89.0,-0.25071421801054494,0.6464755129884568,0.06852626732437883,0.4810810810810811,3,,,,,,,,,,,,,,,,mistralai/Mixtral-8x22B-Instruct-v0.1
103,0_c_same_model_family_name_drop_flag,0,0.0,,,,,0.0,,,,,0.0,,,,,3,,,,,,,,,,,,,,,,mistralai/Mixtral-8x22B-Instruct-v0.1
104,0_c_same_model_family_not_name_drop_flag,39,38.0,0.47368421052631576,0.4993069989739547,0.08099829095409113,0.9743589743589743,18.0,-0.2021313841131667,0.6443250833857217,0.15186887858354384,0.46153846153846156,20.0,-0.1270767697643,0.1887459932386576,0.0422048871362354,0.5128205128205128,3,,,,,,,,,,,,,,,,mistralai/Mixtral-8x22B-Instruct-v0.1
105,0_c_not_same_model_family_name_drop_flag,0,0.0,,,,,0.0,,,,,0.0,,,,,3,,,,,,,,,,,,,,,,mistralai/Mixtral-8x22B-Instruct-v0.1
106,0_c_not_same_model_family_not_name_drop_flag,177,176.0,0.48863636363636365,0.4998708510891539,0.037679183106780464,0.9943502824858758,86.0,-0.22238641967098838,0.5877685812226652,0.06338071611509043,0.4858757062146893,90.0,-0.2270161485416722,0.6430125690838627,0.06777947608071253,0.5084745762711864,3,,,,,,,,,,,,,,,,mistralai/Mixtral-8x22B-Instruct-v0.1
107,0_c_same_model_family_name_drop_any_specific_flag,6,6.0,0.16666666666666666,0.372677996249965,0.15214515486254618,1.0,1.0,-0.041259766,,,0.16666666666666666,5.0,-0.07868325859900002,0.10092864512526224,0.04513666227540783,0.8333333333333334,3,,,,,,,,,,,,,,,,mistralai/Mixtral-8x22B-Instruct-v0.1
108,0_c_same_model_family_not_name_drop_any_specific_flag,33,32.0,0.53125,0.4990224819584785,0.08821554523934542,0.9696969696969697,17.0,-0.2115944204727647,0.6617883358061624,0.1605072476665022,0.5151515151515151,15.0,-0.14320794015273333,0.20751789685917083,0.0535808905717038,0.45454545454545453,3,,,,,,,,,,,,,,,,mistralai/Mixtral-8x22B-Instruct-v0.1
109,0_c_not_same_model_family_name_drop_any_specific_flag,25,25.0,0.36,0.48000000000000004,0.096,1.0,9.0,-0.07456376775666668,0.12144214969131381,0.04048071656377127,0.36,16.0,-0.0166254417564375,0.023906706539564823,0.005976676634891206,0.64,3,,,,,,,,,,,,,,,,mistralai/Mixtral-8x22B-Instruct-v0.1
110,0_c_not_same_model_family_not_name_drop_any_specific_flag,152,151.0,0.5099337748344371,0.49990131037789726,0.040681391691011204,0.993421052631579,77.0,-0.23966439197266234,0.617474954177403,0.07036780172744536,0.506578947368421,74.0,-0.2725060310898311,0.7007849064829933,0.08146459064595618,0.4868421052631579,3,,,,,,,,,,,,,,,,mistralai/Mixtral-8x22B-Instruct-v0.1
111,1_all,212,211.0,0.07582938388625593,0.2647249297396956,0.018224415739103706,0.9952830188679245,16.0,-0.3070303941855625,0.43037319945287217,0.10759329986321804,0.07547169811320754,195.0,-0.1975360790186215,0.4268385042758751,0.030566540172469826,0.9198113207547169,3,,,,,,,,,,,,,,,,mistralai/Mixtral-8x22B-Instruct-v0.1
112,1_c_same_model_family,40,40.0,0.05,0.21794494717703367,0.03446012188022555,1.0,2.0,-0.197753905,0.05419921499999998,0.03832463246148763,0.05,38.0,-0.19505713147243653,0.4930125865982751,0.07997720243332533,0.95,3,,,,,,,,,,,,,,,,mistralai/Mixtral-8x22B-Instruct-v0.1
113,1_c_not_same_model_family,172,171.0,0.08187134502923976,0.2741686121574513,0.02096619778745837,0.9941860465116279,14.0,-0.3226413212120714,0.4575062705526069,0.12227369405061135,0.08139534883720931,157.0,-0.19813607906164712,0.40921427403224686,0.032658854504207566,0.9127906976744186,3,,,,,,,,,,,,,,,,mistralai/Mixtral-8x22B-Instruct-v0.1
114,1_c_name_drop_flag,0,0.0,,,,,0.0,,,,,0.0,,,,,3,,,,,,,,,,,,,,,,mistralai/Mixtral-8x22B-Instruct-v0.1
115,1_c_not_name_drop_flag,212,211.0,0.07582938388625593,0.2647249297396956,0.018224415739103706,0.9952830188679245,16.0,-0.3070303941855625,0.43037319945287217,0.10759329986321804,0.07547169811320754,195.0,-0.1975360790186215,0.4268385042758751,0.030566540172469826,0.9198113207547169,3,,,,,,,,,,,,,,,,mistralai/Mixtral-8x22B-Instruct-v0.1
116,1_c_name_drop_any_specific_flag,44,44.0,0.09090909090909091,0.28747978728803447,0.043339208602072375,1.0,4.0,-0.044586182205000005,0.05872013164982098,0.02936006582491049,0.09090909090909091,40.0,-0.192811858594195,0.388957002882033,0.06149950204899504,0.9090909090909091,3,,,,,,,,,,,,,,,,mistralai/Mixtral-8x22B-Instruct-v0.1
117,1_c_not_name_drop_any_specific_flag,168,167.0,0.0718562874251497,0.2582498042257224,0.019983969830725652,0.9940476190476191,12.0,-0.39451179817908333,0.46389666839074667,0.13391543318578408,0.07142857142857142,155.0,-0.198755232676538,0.4360722127740947,0.0350261630097436,0.9226190476190477,3,,,,,,,,,,,,,,,,mistralai/Mixtral-8x22B-Instruct-v0.1
118,1_c_same_model_family_name_drop_flag,0,0.0,,,,,0.0,,,,,0.0,,,,,3,,,,,,,,,,,,,,,,mistralai/Mixtral-8x22B-Instruct-v0.1
119,1_c_same_model_family_not_name_drop_flag,40,40.0,0.05,0.21794494717703367,0.03446012188022555,1.0,2.0,-0.197753905,0.05419921499999998,0.03832463246148763,0.05,38.0,-0.19505713147243653,0.4930125865982751,0.07997720243332533,0.95,3,,,,,,,,,,,,,,,,mistralai/Mixtral-8x22B-Instruct-v0.1
120,1_c_not_same_model_family_name_drop_flag,0,0.0,,,,,0.0,,,,,0.0,,,,,3,,,,,,,,,,,,,,,,mistralai/Mixtral-8x22B-Instruct-v0.1
121,1_c_not_same_model_family_not_name_drop_flag,172,171.0,0.08187134502923976,0.2741686121574513,0.02096619778745837,0.9941860465116279,14.0,-0.3226413212120714,0.4575062705526069,0.12227369405061135,0.08139534883720931,157.0,-0.19813607906164712,0.40921427403224686,0.032658854504207566,0.9127906976744186,3,,,,,,,,,,,,,,,,mistralai/Mixtral-8x22B-Instruct-v0.1
122,1_c_same_model_family_name_drop_any_specific_flag,6,6.0,0.16666666666666666,0.372677996249965,0.15214515486254618,1.0,1.0,-0.14355469,,,0.16666666666666666,5.0,-0.26390457103945997,0.4587358853864102,0.2051529246885131,0.8333333333333334,3,,,,,,,,,,,,,,,,mistralai/Mixtral-8x22B-Instruct-v0.1
123,1_c_same_model_family_not_name_drop_any_specific_flag,34,34.0,0.029411764705882353,0.1689577248981773,0.028976010768934645,1.0,1.0,-0.25195312,,,0.029411764705882353,33.0,-0.18462570123500877,0.4971692536017664,0.08654605828023938,0.9705882352941176,3,,,,,,,,,,,,,,,,mistralai/Mixtral-8x22B-Instruct-v0.1
124,1_c_not_same_model_family_name_drop_any_specific_flag,38,38.0,0.07894736842105263,0.2696565991042,0.04374407672397163,1.0,3.0,-0.011596679606666667,0.015626132638030043,0.009021751884959442,0.07894736842105263,35.0,-0.18265575681629997,0.37684509693742696,0.06369844741004933,0.9210526315789473,3,,,,,,,,,,,,,,,,mistralai/Mixtral-8x22B-Instruct-v0.1
125,1_c_not_same_model_family_not_name_drop_any_specific_flag,134,133.0,0.08270676691729323,0.275438482466379,0.023883545413719173,0.9925373134328358,11.0,-0.4074716780135455,0.48243990744638904,0.1454611051721326,0.08208955223880597,122.0,-0.20257715511564015,0.417932273309422,0.03783781015931428,0.9104477611940298,3,,,,,,,,,,,,,,,,mistralai/Mixtral-8x22B-Instruct-v0.1
126,2_all,212,210.0,0.1523809523809524,0.35938975741168017,0.024800249397020406,0.9905660377358491,32.0,-0.46429614760000004,0.7782690055694106,0.13757982285636028,0.1509433962264151,178.0,-0.14013332409150106,0.3794133484863703,0.02843823279185645,0.839622641509434,3,,,,,,,,,,,,,,,,mistralai/Mixtral-8x22B-Instruct-v0.1
127,2_c_same_model_family,48,47.0,0.1702127659574468,0.3758196113330998,0.05481892441184465,0.9791666666666666,8.0,-0.68829190793625,0.8546490324928945,0.30216406320512385,0.16666666666666666,39.0,-0.11563282121092307,0.28067352825828523,0.04494373390195917,0.8125,3,,,,,,,,,,,,,,,,mistralai/Mixtral-8x22B-Instruct-v0.1
128,2_c_not_same_model_family,164,163.0,0.147239263803681,0.3543442718575129,0.027754385382577063,0.9939024390243902,24.0,-0.38963089415458335,0.7360903048118794,0.1502538042832368,0.14634146341463414,139.0,-0.14700756590691502,0.40252433958932615,0.034141668876640774,0.8475609756097561,3,,,,,,,,,,,,,,,,mistralai/Mixtral-8x22B-Instruct-v0.1
129,2_c_name_drop_flag,0,0.0,,,,,0.0,,,,,0.0,,,,,3,,,,,,,,,,,,,,,,mistralai/Mixtral-8x22B-Instruct-v0.1
130,2_c_not_name_drop_flag,212,210.0,0.1523809523809524,0.35938975741168017,0.024800249397020406,0.9905660377358491,32.0,-0.46429614760000004,0.7782690055694106,0.13757982285636028,0.1509433962264151,178.0,-0.14013332409150106,0.3794133484863703,0.02843823279185645,0.839622641509434,3,,,,,,,,,,,,,,,,mistralai/Mixtral-8x22B-Instruct-v0.1
131,2_c_name_drop_any_specific_flag,41,41.0,0.21951219512195122,0.4139161645970034,0.06464284453161749,1.0,9.0,-0.06907044565666667,0.10327364707928084,0.03442454902642695,0.21951219512195122,32.0,-0.1366865931693125,0.4839911834837677,0.08555836196896867,0.7804878048780488,3,,,,,,,,,,,,,,,,mistralai/Mixtral-8x22B-Instruct-v0.1
132,2_c_not_name_drop_any_specific_flag,171,169.0,0.13609467455621302,0.3428890696911342,0.0263760822839334,0.9883040935672515,23.0,-0.6189496831430435,0.8680452291550628,0.18099994233230712,0.13450292397660818,146.0,-0.14088877196485747,0.352364971327192,0.029161932520758865,0.8538011695906432,3,,,,,,,,,,,,,,,,mistralai/Mixtral-8x22B-Instruct-v0.1
133,2_c_same_model_family_name_drop_flag,0,0.0,,,,,0.0,,,,,0.0,,,,,3,,,,,,,,,,,,,,,,mistralai/Mixtral-8x22B-Instruct-v0.1
134,2_c_same_model_family_not_name_drop_flag,48,47.0,0.1702127659574468,0.3758196113330998,0.05481892441184465,0.9791666666666666,8.0,-0.68829190793625,0.8546490324928945,0.30216406320512385,0.16666666666666666,39.0,-0.11563282121092307,0.28067352825828523,0.04494373390195917,0.8125,3,,,,,,,,,,,,,,,,mistralai/Mixtral-8x22B-Instruct-v0.1
135,2_c_not_same_model_family_name_drop_flag,0,0.0,,,,,0.0,,,,,0.0,,,,,3,,,,,,,,,,,,,,,,mistralai/Mixtral-8x22B-Instruct-v0.1
136,2_c_not_same_model_family_not_name_drop_flag,164,163.0,0.147239263803681,0.3543442718575129,0.027754385382577063,0.9939024390243902,24.0,-0.38963089415458335,0.7360903048118794,0.1502538042832368,0.14634146341463414,139.0,-0.14700756590691502,0.40252433958932615,0.034141668876640774,0.8475609756097561,3,,,,,,,,,,,,,,,,mistralai/Mixtral-8x22B-Instruct-v0.1
137,2_c_same_model_family_name_drop_any_specific_flag,8,8.0,0.0,0.0,0.0,1.0,0.0,,,,0.0,8.0,-0.158329605969375,0.38037825732150227,0.13448402258397787,1.0,3,,,,,,,,,,,,,,,,mistralai/Mixtral-8x22B-Instruct-v0.1
138,2_c_same_model_family_not_name_drop_any_specific_flag,40,39.0,0.20512820512820512,0.4037952755903492,0.06465899199549899,0.975,8.0,-0.68829190793625,0.8546490324928945,0.30216406320512385,0.2,31.0,-0.10461429611196774,0.24733931452521862,0.044423452288397364,0.775,3,,,,,,,,,,,,,,,,mistralai/Mixtral-8x22B-Instruct-v0.1
139,2_c_not_same_model_family_name_drop_any_specific_flag,33,33.0,0.2727272727272727,0.4453617714151233,0.07752753322022198,1.0,9.0,-0.06907044565666667,0.10327364707928084,0.03442454902642695,0.2727272727272727,24.0,-0.12947225556929165,0.5137047414332621,0.10485954124665502,0.7272727272727273,3,,,,,,,,,,,,,,,,mistralai/Mixtral-8x22B-Instruct-v0.1
140,2_c_not_same_model_family_not_name_drop_any_specific_flag,131,130.0,0.11538461538461539,0.31948553318915673,0.028020734893613196,0.9923664122137404,15.0,-0.5819671632533333,0.8728564544853302,0.22537056745675574,0.11450381679389313,115.0,-0.1506671089338973,0.37508550953010417,0.03497690411380902,0.8778625954198473,3,,,,,,,,,,,,,,,,mistralai/Mixtral-8x22B-Instruct-v0.1
141,0_all,196,,,,,,,,,,,,,,,,3,195.0,0.6923076923076923,0.4615384615384615,0.0330514557248969,0.9948979591836735,135.0,-0.06832088106107102,0.2072041894022576,0.0178332972182078,0.6887755102040817,60.0,-0.3277569986362882,0.586163549541463,0.0756733888509304,0.30612244897959184,mistralai/Mixtral-8x22B-Instruct-v0.1
142,0_b_same_model_family,36,,,,,,,,,,,,,,,,3,36.0,0.5833333333333334,0.49300664859163473,0.08216777476527246,1.0,21.0,-0.11765844481490474,0.2786070863678509,0.060797050591989345,0.5833333333333334,15.0,-0.2183210611194193,0.45113257010862506,0.11648192873083031,0.4166666666666667,mistralai/Mixtral-8x22B-Instruct-v0.1
143,0_b_not_same_model_family,160,,,,,,,,,,,,,,,,3,159.0,0.7169811320754716,0.4504655240118235,0.03572423981289313,0.99375,114.0,-0.05923238247483851,0.18976989998370028,0.01777357957900108,0.7125,45.0,-0.3642356444752446,0.6204465951244171,0.09249071754043242,0.28125,mistralai/Mixtral-8x22B-Instruct-v0.1
144,0_b_name_drop_flag,0,,,,,,,,,,,,,,,,3,0.0,,,,,0.0,,,,,0.0,,,,,mistralai/Mixtral-8x22B-Instruct-v0.1
145,0_b_not_name_drop_flag,196,,,,,,,,,,,,,,,,3,195.0,0.6923076923076923,0.4615384615384615,0.0330514557248969,0.9948979591836735,135.0,-0.06832088106107102,0.2072041894022576,0.0178332972182078,0.6887755102040817,60.0,-0.3277569986362882,0.586163549541463,0.0756733888509304,0.30612244897959184,mistralai/Mixtral-8x22B-Instruct-v0.1
146,0_b_name_drop_any_specific_flag,41,,,,,,,,,,,,,,,,3,41.0,0.5609756097560976,0.4962680475457513,0.0775040478903336,1.0,23.0,-0.06641646064506523,0.23980590712957725,0.050002988212549095,0.5609756097560976,18.0,-0.27613835800888886,0.44882013332686055,0.10578791993615783,0.43902439024390244,mistralai/Mixtral-8x22B-Instruct-v0.1
147,0_b_not_name_drop_any_specific_flag,155,,,,,,,,,,,,,,,,3,154.0,0.7272727272727273,0.4453617714151233,0.03588827427053285,0.9935483870967742,112.0,-0.0687119673965008,0.19984981294206486,0.018884032307410044,0.7225806451612903,42.0,-0.34987927319088785,0.6347259604935147,0.09794034201205572,0.2709677419354839,mistralai/Mixtral-8x22B-Instruct-v0.1
148,0_b_same_model_family_name_drop_flag,0,,,,,,,,,,,,,,,,3,0.0,,,,,0.0,,,,,0.0,,,,,mistralai/Mixtral-8x22B-Instruct-v0.1
149,0_b_same_model_family_not_name_drop_flag,36,,,,,,,,,,,,,,,,3,36.0,0.5833333333333334,0.49300664859163473,0.08216777476527246,1.0,21.0,-0.11765844481490474,0.2786070863678509,0.060797050591989345,0.5833333333333334,15.0,-0.2183210611194193,0.45113257010862506,0.11648192873083031,0.4166666666666667,mistralai/Mixtral-8x22B-Instruct-v0.1
150,0_b_not_same_model_family_name_drop_flag,0,,,,,,,,,,,,,,,,3,0.0,,,,,0.0,,,,,0.0,,,,,mistralai/Mixtral-8x22B-Instruct-v0.1
151,0_b_not_same_model_family_not_name_drop_flag,160,,,,,,,,,,,,,,,,3,159.0,0.7169811320754716,0.4504655240118235,0.03572423981289313,0.99375,114.0,-0.05923238247483851,0.18976989998370028,0.01777357957900108,0.7125,45.0,-0.3642356444752446,0.6204465951244171,0.09249071754043242,0.28125,mistralai/Mixtral-8x22B-Instruct-v0.1
152,0_b_same_model_family_name_drop_any_specific_flag,5,,,,,,,,,,,,,,,,3,5.0,0.2,0.4000000000000001,0.1788854381999832,1.0,1.0,-1.1796875,,,0.2,4.0,-0.055492401075,0.05685240131017678,0.02842620065508839,0.8,mistralai/Mixtral-8x22B-Instruct-v0.1
153,0_b_same_model_family_not_name_drop_any_specific_flag,31,,,,,,,,,,,,,,,,3,31.0,0.6451612903225806,0.47846441852230076,0.08593474639776306,1.0,20.0,-0.06455699205564999,0.14929150684178805,0.0333825957761613,0.6451612903225806,11.0,-0.2775314829537536,0.5130357820529965,0.15468610846330347,0.3548387096774194,mistralai/Mixtral-8x22B-Instruct-v0.1
154,0_b_not_same_model_family_name_drop_any_specific_flag,36,,,,,,,,,,,,,,,,3,36.0,0.6111111111111112,0.4874980215217845,0.08124967025363075,1.0,22.0,-0.015813231583477274,0.035000366679235444,0.007462103248722035,0.6111111111111112,14.0,-0.33918005999,0.4900877687725406,0.1309814657282383,0.3888888888888889,mistralai/Mixtral-8x22B-Instruct-v0.1
155,0_b_not_same_model_family_not_name_drop_any_specific_flag,124,,,,,,,,,,,,,,,,3,123.0,0.7479674796747967,0.4341798348884126,0.0391486773103801,0.9919354838709677,92.0,-0.06961522290538141,0.20921942738849353,0.021812633155634215,0.7419354838709677,31.0,-0.3755510697266452,0.6707618809970245,0.12047239022451824,0.25,mistralai/Mixtral-8x22B-Instruct-v0.1
156,1_all,222,,,,,,,,,,,,,,,,3,220.0,0.2727272727272727,0.4453617714151233,0.030026284503446198,0.990990990990991,60.0,-0.24566051767341665,0.4984986848452969,0.06435590348373782,0.2702702702702703,160.0,-0.17443988861033627,0.442123289345108,0.03495291502340488,0.7207207207207207,mistralai/Mixtral-8x22B-Instruct-v0.1
157,1_b_same_model_family,47,,,,,,,,,,,,,,,,3,47.0,0.2978723404255319,0.4573230906426528,0.06670742872838141,1.0,14.0,-0.16116402843492855,0.22054752302788871,0.058943804905142554,0.2978723404255319,33.0,-0.1494150125753939,0.4949495654954155,0.08615966017773308,0.7021276595744681,mistralai/Mixtral-8x22B-Instruct-v0.1
158,1_b_not_same_model_family,175,,,,,,,,,,,,,,,,3,173.0,0.2658959537572254,0.4418091166247714,0.03359012512584191,0.9885714285714285,46.0,-0.27137684048513044,0.5536185912217888,0.08162660805345891,0.26285714285714284,127.0,-0.18094241545406142,0.4270892796062307,0.03789804523604275,0.7257142857142858,mistralai/Mixtral-8x22B-Instruct-v0.1
159,1_b_name_drop_flag,0,,,,,,,,,,,,,,,,3,0.0,,,,,0.0,,,,,0.0,,,,,mistralai/Mixtral-8x22B-Instruct-v0.1
160,1_b_not_name_drop_flag,222,,,,,,,,,,,,,,,,3,220.0,0.2727272727272727,0.4453617714151233,0.030026284503446198,0.990990990990991,60.0,-0.24566051767341665,0.4984986848452969,0.06435590348373782,0.2702702702702703,160.0,-0.17443988861033627,0.442123289345108,0.03495291502340488,0.7207207207207207,mistralai/Mixtral-8x22B-Instruct-v0.1
161,1_b_name_drop_any_specific_flag,41,,,,,,,,,,,,,,,,3,41.0,0.2682926829268293,0.4430707835264622,0.06919603104625983,1.0,11.0,-0.2709016480796364,0.7330391747140327,0.2210196271962022,0.2682926829268293,30.0,-0.029501803639866667,0.07609014056140136,0.013892095463072775,0.7317073170731707,mistralai/Mixtral-8x22B-Instruct-v0.1
162,1_b_not_name_drop_any_specific_flag,181,,,,,,,,,,,,,,,,3,179.0,0.2737430167597765,0.44587865785999814,0.03332653559936964,0.988950276243094,49.0,-0.23999414145977552,0.42834908600949584,0.06119272657278512,0.27071823204419887,130.0,-0.20788713898813693,0.48299023979252,0.04236104630570547,0.7182320441988951,mistralai/Mixtral-8x22B-Instruct-v0.1
163,1_b_same_model_family_name_drop_flag,0,,,,,,,,,,,,,,,,3,0.0,,,,,0.0,,,,,0.0,,,,,mistralai/Mixtral-8x22B-Instruct-v0.1
164,1_b_same_model_family_not_name_drop_flag,47,,,,,,,,,,,,,,,,3,47.0,0.2978723404255319,0.4573230906426528,0.06670742872838141,1.0,14.0,-0.16116402843492855,0.22054752302788871,0.058943804905142554,0.2978723404255319,33.0,-0.1494150125753939,0.4949495654954155,0.08615966017773308,0.7021276595744681,mistralai/Mixtral-8x22B-Instruct-v0.1
165,1_b_not_same_model_family_name_drop_flag,0,,,,,,,,,,,,,,,,3,0.0,,,,,0.0,,,,,0.0,,,,,mistralai/Mixtral-8x22B-Instruct-v0.1
166,1_b_not_same_model_family_not_name_drop_flag,175,,,,,,,,,,,,,,,,3,173.0,0.2658959537572254,0.4418091166247714,0.03359012512584191,0.9885714285714285,46.0,-0.27137684048513044,0.5536185912217888,0.08162660805345891,0.26285714285714284,127.0,-0.18094241545406142,0.4270892796062307,0.03789804523604275,0.7257142857142858,mistralai/Mixtral-8x22B-Instruct-v0.1
167,1_b_same_model_family_name_drop_any_specific_flag,7,,,,,,,,,,,,,,,,3,7.0,0.14285714285714285,0.34992710611188266,0.13226001425322165,1.0,1.0,-0.25585938,,,0.14285714285714285,6.0,-0.016589641509166666,0.015104641605537162,0.006166444113529886,0.8571428571428571,mistralai/Mixtral-8x22B-Instruct-v0.1
168,1_b_same_model_family_not_name_drop_any_specific_flag,40,,,,,,,,,,,,,,,,3,40.0,0.325,0.4683748498798799,0.07405656621799311,1.0,13.0,-0.15387977062223077,0.2272443523593428,0.06302624342240128,0.325,27.0,-0.17893176170122224,0.5427443833703617,0.10445120528001192,0.675,mistralai/Mixtral-8x22B-Instruct-v0.1
169,1_b_not_same_model_family_name_drop_any_specific_flag,34,,,,,,,,,,,,,,,,3,34.0,0.29411764705882354,0.4556450995538137,0.07814248990059663,1.0,10.0,-0.2724058748876,0.7688017853457323,0.24311647108963746,0.29411764705882354,24.0,-0.03272984417254166,0.08442747233813395,0.017233685625114136,0.7058823529411765,mistralai/Mixtral-8x22B-Instruct-v0.1
170,1_b_not_same_model_family_not_name_drop_any_specific_flag,141,,,,,,,,,,,,,,,,3,139.0,0.2589928057553957,0.4380816502917505,0.03715760060733952,0.9858156028368794,36.0,-0.27109099759555555,0.4769150770864875,0.07948584618108125,0.2553191489361702,103.0,-0.21547738351965828,0.46576321707277835,0.04589301344737997,0.7304964539007093,mistralai/Mixtral-8x22B-Instruct-v0.1
171,2_all,222,,,,,,,,,,,,,,,,3,220.0,0.29545454545454547,0.4562468159064712,0.0307601540533435,0.990990990990991,65.0,-0.3154020914581123,0.6115850850195381,0.07585779369911691,0.2927927927927928,155.0,-0.23825759904908325,0.6238599807693916,0.05010963950827166,0.6981981981981982,mistralai/Mixtral-8x22B-Instruct-v0.1
172,2_b_same_model_family,44,,,,,,,,,,,,,,,,3,42.0,0.35714285714285715,0.4791574237499549,0.07393559564382365,0.9545454545454546,15.0,-0.17942552568548667,0.584186488132111,0.1508363026410042,0.3409090909090909,27.0,-0.3103546833232592,0.5925575795720539,0.11403775935875947,0.6136363636363636,mistralai/Mixtral-8x22B-Instruct-v0.1
173,2_b_not_same_model_family,178,,,,,,,,,,,,,,,,3,178.0,0.2808988764044944,0.4494382022471911,0.03368681748296007,1.0,50.0,-0.3561950611899,0.6137215173820207,0.0867933293401849,0.2808988764044944,128.0,-0.22304962033499923,0.6292101120147002,0.05561484212459271,0.7191011235955056,mistralai/Mixtral-8x22B-Instruct-v0.1
174,2_b_name_drop_flag,0,,,,,,,,,,,,,,,,3,0.0,,,,,0.0,,,,,0.0,,,,,mistralai/Mixtral-8x22B-Instruct-v0.1
175,2_b_not_name_drop_flag,222,,,,,,,,,,,,,,,,3,220.0,0.29545454545454547,0.4562468159064712,0.0307601540533435,0.990990990990991,65.0,-0.3154020914581123,0.6115850850195381,0.07585779369911691,0.2927927927927928,155.0,-0.23825759904908325,0.6238599807693916,0.05010963950827166,0.6981981981981982,mistralai/Mixtral-8x22B-Instruct-v0.1
176,2_b_name_drop_any_specific_flag,34,,,,,,,,,,,,,,,,3,34.0,0.23529411764705882,0.42418250299576343,0.07274669910598144,1.0,8.0,-0.0174048990677875,0.021259663276827954,0.007516426034393832,0.23529411764705882,26.0,-0.14445771662357693,0.2898199028062219,0.05683835922448038,0.7647058823529411,mistralai/Mixtral-8x22B-Instruct-v0.1
177,2_b_not_name_drop_any_specific_flag,188,,,,,,,,,,,,,,,,3,186.0,0.3064516129032258,0.46101954606311146,0.033803593199304593,0.9893617021276596,57.0,-0.3572262588111403,0.642072006113728,0.08504451476632974,0.30319148936170215,129.0,-0.25716300170848766,0.6697647824788061,0.05896950097584491,0.6861702127659575,mistralai/Mixtral-8x22B-Instruct-v0.1
178,2_b_same_model_family_name_drop_flag,0,,,,,,,,,,,,,,,,3,0.0,,,,,0.0,,,,,0.0,,,,,mistralai/Mixtral-8x22B-Instruct-v0.1
179,2_b_same_model_family_not_name_drop_flag,44,,,,,,,,,,,,,,,,3,42.0,0.35714285714285715,0.4791574237499549,0.07393559564382365,0.9545454545454546,15.0,-0.17942552568548667,0.584186488132111,0.1508363026410042,0.3409090909090909,27.0,-0.3103546833232592,0.5925575795720539,0.11403775935875947,0.6136363636363636,mistralai/Mixtral-8x22B-Instruct-v0.1
180,2_b_not_same_model_family_name_drop_flag,0,,,,,,,,,,,,,,,,3,0.0,,,,,0.0,,,,,0.0,,,,,mistralai/Mixtral-8x22B-Instruct-v0.1
181,2_b_not_same_model_family_not_name_drop_flag,178,,,,,,,,,,,,,,,,3,178.0,0.2808988764044944,0.4494382022471911,0.03368681748296007,1.0,50.0,-0.3561950611899,0.6137215173820207,0.0867933293401849,0.2808988764044944,128.0,-0.22304962033499923,0.6292101120147002,0.05561484212459271,0.7191011235955056,mistralai/Mixtral-8x22B-Instruct-v0.1
182,2_b_same_model_family_name_drop_any_specific_flag,8,,,,,,,,,,,,,,,,3,8.0,0.5,0.5,0.17677669529663687,1.0,4.0,-0.016705244773075,0.027583490191179005,0.013791745095589503,0.5,4.0,-0.33512878487500003,0.48059044284129704,0.24029522142064852,0.5,mistralai/Mixtral-8x22B-Instruct-v0.1
183,2_b_same_model_family_not_name_drop_any_specific_flag,36,,,,,,,,,,,,,,,,3,34.0,0.3235294117647059,0.467822756487849,0.08023094083513455,0.9444444444444444,11.0,-0.23859653692636362,0.6722850818766358,0.20270157897619637,0.3055555555555556,23.0,-0.30604614392295654,0.609832850146908,0.12715893942113843,0.6388888888888888,mistralai/Mixtral-8x22B-Instruct-v0.1
184,2_b_not_same_model_family_name_drop_any_specific_flag,26,,,,,,,,,,,,,,,,3,26.0,0.15384615384615385,0.36080121229411,0.0707589393082923,1.0,4.0,-0.018104553362499998,0.01192135067419487,0.005960675337097435,0.15384615384615385,22.0,-0.10979024966877272,0.22239953050578926,0.0474157392209857,0.8461538461538461,mistralai/Mixtral-8x22B-Instruct-v0.1
185,2_b_not_same_model_family_not_name_drop_any_specific_flag,152,,,,,,,,,,,,,,,,3,152.0,0.3026315789473684,0.459397111844634,0.0372620261734022,1.0,46.0,-0.385594235783587,0.6313401459881679,0.0930860261236138,0.3026315789473684,106.0,-0.24655628217138584,0.6816112420264258,0.06620393630040428,0.6973684210526315,mistralai/Mixtral-8x22B-Instruct-v0.1
186,all,640,640.0,0.0921875,0.2892904506611824,0.011435209117823749,1.0,59.0,-0.5411861711118644,0.6754923904050388,0.08794161868266552,0.0921875,579.0,-0.38420826448789813,0.7609204071818081,0.031622772944193474,0.9046875,5,,,,,,,,,,,,,,,,mistralai/Mixtral-8x22B-Instruct-v0.1
187,all,640,,,,,,,,,,,,,,,,5,640.0,0.3078125,0.46158852330159805,0.018245888442834434,1.0,197.0,-0.31832503648067517,0.5509824302660392,0.039255872751624434,0.3078125,441.0,-0.43464067357687075,0.8273027777483198,0.03939537036896761,0.6890625,mistralai/Mixtral-8x22B-Instruct-v0.1
188,0_all,127,127.0,0.2047244094488189,0.40350009371083334,0.03580484347043199,1.0,26.0,-0.44644190674769235,0.44401494019461074,0.08707849401457898,0.2047244094488189,100.0,-0.44227567218589997,0.8993067386036198,0.08993067386036198,0.7874015748031497,5,,,,,,,,,,,,,,,,mistralai/Mixtral-8x22B-Instruct-v0.1
189,0_c_same_model_family,50,50.0,0.26,0.4386342439892262,0.06203224967708329,1.0,13.0,-0.3413558365346153,0.47770039472771153,0.13249025134616552,0.26,36.0,-0.5567002300130555,1.250699528297535,0.2084499213829225,0.72,5,,,,,,,,,,,,,,,,mistralai/Mixtral-8x22B-Instruct-v0.1
190,0_c_not_same_model_family,77,77.0,0.16883116883116883,0.37460272991833654,0.042689943044847696,1.0,13.0,-0.5515279769607692,0.37949269137017727,0.10525233518453883,0.16883116883116883,64.0,-0.377911858408125,0.6101460603005289,0.07626825753756611,0.8311688311688312,5,,,,,,,,,,,,,,,,mistralai/Mixtral-8x22B-Instruct-v0.1
191,0_c_name_drop_flag,0,0.0,,,,,0.0,,,,,0.0,,,,,5,,,,,,,,,,,,,,,,mistralai/Mixtral-8x22B-Instruct-v0.1
192,0_c_not_name_drop_flag,127,127.0,0.2047244094488189,0.40350009371083334,0.03580484347043199,1.0,26.0,-0.44644190674769235,0.44401494019461074,0.08707849401457898,0.2047244094488189,100.0,-0.44227567218589997,0.8993067386036198,0.08993067386036198,0.7874015748031497,5,,,,,,,,,,,,,,,,mistralai/Mixtral-8x22B-Instruct-v0.1
193,0_c_name_drop_any_specific_flag,33,33.0,0.21212121212121213,0.40881022918884974,0.07116472642790657,1.0,7.0,-0.6572880063557144,0.6013436285264937,0.22728652765347268,0.21212121212121213,26.0,-0.1607016973742308,0.41439757399457233,0.08127005062245517,0.7878787878787878,5,,,,,,,,,,,,,,,,mistralai/Mixtral-8x22B-Instruct-v0.1
194,0_c_not_name_drop_any_specific_flag,94,94.0,0.20212765957446807,0.40158693804631646,0.04142053001209846,1.0,19.0,-0.3687617647868421,0.3378523034003281,0.07750863412444596,0.20212765957446807,74.0,-0.5412070687413514,0.9974613131491439,0.11595252239189728,0.7872340425531915,5,,,,,,,,,,,,,,,,mistralai/Mixtral-8x22B-Instruct-v0.1
195,0_c_same_model_family_name_drop_flag,0,0.0,,,,,0.0,,,,,0.0,,,,,5,,,,,,,,,,,,,,,,mistralai/Mixtral-8x22B-Instruct-v0.1
196,0_c_same_model_family_not_name_drop_flag,50,50.0,0.26,0.4386342439892262,0.06203224967708329,1.0,13.0,-0.3413558365346153,0.47770039472771153,0.13249025134616552,0.26,36.0,-0.5567002300130555,1.250699528297535,0.2084499213829225,0.72,5,,,,,,,,,,,,,,,,mistralai/Mixtral-8x22B-Instruct-v0.1
197,0_c_not_same_model_family_name_drop_flag,0,0.0,,,,,0.0,,,,,0.0,,,,,5,,,,,,,,,,,,,,,,mistralai/Mixtral-8x22B-Instruct-v0.1
198,0_c_not_same_model_family_not_name_drop_flag,77,77.0,0.16883116883116883,0.37460272991833654,0.042689943044847696,1.0,13.0,-0.5515279769607692,0.37949269137017727,0.10525233518453883,0.16883116883116883,64.0,-0.377911858408125,0.6101460603005289,0.07626825753756611,0.8311688311688312,5,,,,,,,,,,,,,,,,mistralai/Mixtral-8x22B-Instruct-v0.1
199,0_c_same_model_family_name_drop_any_specific_flag,9,9.0,0.3333333333333333,0.4714045207910317,0.15713484026367722,1.0,3.0,-0.987467448,0.6370292586576632,0.3677890139676696,0.3333333333333333,6.0,-0.07889811286666666,0.1495275247925453,0.06104435637384952,0.6666666666666666,5,,,,,,,,,,,,,,,,mistralai/Mixtral-8x22B-Instruct-v0.1
200,0_c_same_model_family_not_name_drop_any_specific_flag,41,41.0,0.24390243902439024,0.4294345576014392,0.06706641034558605,1.0,10.0,-0.147522353095,0.11002545478515785,0.03479310377169707,0.24390243902439024,30.0,-0.6522606534423333,1.348271748873497,0.24615961683498494,0.7317073170731707,5,,,,,,,,,,,,,,,,mistralai/Mixtral-8x22B-Instruct-v0.1
201,0_c_not_same_model_family_name_drop_any_specific_flag,24,24.0,0.16666666666666666,0.372677996249965,0.07607257743127309,1.0,4.0,-0.40965342512249997,0.4305616545525964,0.2152808272762982,0.16666666666666666,20.0,-0.18524277272649997,0.46252091587327804,0.10342282089081112,0.8333333333333334,5,,,,,,,,,,,,,,,,mistralai/Mixtral-8x22B-Instruct-v0.1
202,0_c_not_same_model_family_not_name_drop_any_specific_flag,53,53.0,0.16981132075471697,0.37546695739872454,0.0515743530123872,1.0,9.0,-0.6145833333333334,0.3357182064729936,0.1119060688243312,0.16981132075471697,44.0,-0.46548871553613635,0.6478530839674321,0.09766752721793563,0.8301886792452831,5,,,,,,,,,,,,,,,,mistralai/Mixtral-8x22B-Instruct-v0.1
203,1_all,136,136.0,0.051470588235294115,0.22095557648995173,0.018946784373687055,1.0,7.0,-0.4937220978571428,0.48035477808425003,0.18155704055607785,0.051470588235294115,129.0,-0.3455205848150233,0.7768509446991123,0.06839791183402505,0.9485294117647058,5,,,,,,,,,,,,,,,,mistralai/Mixtral-8x22B-Instruct-v0.1
204,1_c_same_model_family,55,55.0,0.03636363636363636,0.18719327529067276,0.025241136091003077,1.0,2.0,-0.447753905,0.263183595,0.18609890472155394,0.03636363636363636,53.0,-0.360573579866283,0.8420273954298032,0.11566135789648355,0.9636363636363636,5,,,,,,,,,,,,,,,,mistralai/Mixtral-8x22B-Instruct-v0.1
205,1_c_not_same_model_family,81,81.0,0.06172839506172839,0.24066158876071514,0.02674017652896835,1.0,5.0,-0.512109375,0.5423536062628499,0.2425479062891776,0.06172839506172839,76.0,-0.3350231014240132,0.7277691382653715,0.08348084547174826,0.9382716049382716,5,,,,,,,,,,,,,,,,mistralai/Mixtral-8x22B-Instruct-v0.1
206,1_c_name_drop_flag,0,0.0,,,,,0.0,,,,,0.0,,,,,5,,,,,,,,,,,,,,,,mistralai/Mixtral-8x22B-Instruct-v0.1
207,1_c_not_name_drop_flag,136,136.0,0.051470588235294115,0.22095557648995173,0.018946784373687055,1.0,7.0,-0.4937220978571428,0.48035477808425003,0.18155704055607785,0.051470588235294115,129.0,-0.3455205848150233,0.7768509446991123,0.06839791183402505,0.9485294117647058,5,,,,,,,,,,,,,,,,mistralai/Mixtral-8x22B-Instruct-v0.1
208,1_c_name_drop_any_specific_flag,40,40.0,0.05,0.21794494717703367,0.03446012188022555,1.0,2.0,-0.447753905,0.263183595,0.18609890472155394,0.05,38.0,-0.2756401608614474,0.9460981261554077,0.1534773825540817,0.95,5,,,,,,,,,,,,,,,,mistralai/Mixtral-8x22B-Instruct-v0.1
209,1_c_not_name_drop_any_specific_flag,96,96.0,0.052083333333333336,0.2221950938302244,0.02267769180141169,1.0,5.0,-0.512109375,0.5423536062628499,0.2425479062891776,0.052083333333333336,91.0,-0.3747014211912418,0.6919811284436524,0.0725393324245203,0.9479166666666666,5,,,,,,,,,,,,,,,,mistralai/Mixtral-8x22B-Instruct-v0.1
210,1_c_same_model_family_name_drop_flag,0,0.0,,,,,0.0,,,,,0.0,,,,,5,,,,,,,,,,,,,,,,mistralai/Mixtral-8x22B-Instruct-v0.1
211,1_c_same_model_family_not_name_drop_flag,55,55.0,0.03636363636363636,0.18719327529067276,0.025241136091003077,1.0,2.0,-0.447753905,0.263183595,0.18609890472155394,0.03636363636363636,53.0,-0.360573579866283,0.8420273954298032,0.11566135789648355,0.9636363636363636,5,,,,,,,,,,,,,,,,mistralai/Mixtral-8x22B-Instruct-v0.1
212,1_c_not_same_model_family_name_drop_flag,0,0.0,,,,,0.0,,,,,0.0,,,,,5,,,,,,,,,,,,,,,,mistralai/Mixtral-8x22B-Instruct-v0.1
213,1_c_not_same_model_family_not_name_drop_flag,81,81.0,0.06172839506172839,0.24066158876071514,0.02674017652896835,1.0,5.0,-0.512109375,0.5423536062628499,0.2425479062891776,0.06172839506172839,76.0,-0.3350231014240132,0.7277691382653715,0.08348084547174826,0.9382716049382716,5,,,,,,,,,,,,,,,,mistralai/Mixtral-8x22B-Instruct-v0.1
214,1_c_same_model_family_name_drop_any_specific_flag,14,14.0,0.14285714285714285,0.3499271061118826,0.09352195295828246,1.0,2.0,-0.447753905,0.263183595,0.18609890472155394,0.14285714285714285,12.0,-0.14577356999166666,0.2453956059827265,0.07083960958603924,0.8571428571428571,5,,,,,,,,,,,,,,,,mistralai/Mixtral-8x22B-Instruct-v0.1
215,1_c_same_model_family_not_name_drop_any_specific_flag,41,41.0,0.0,0.0,0.0,1.0,0.0,,,,0.0,41.0,-0.4234418754393415,0.9388523253111191,0.14662409950170283,1.0,5,,,,,,,,,,,,,,,,mistralai/Mixtral-8x22B-Instruct-v0.1
216,1_c_not_same_model_family_name_drop_any_specific_flag,26,26.0,0.0,0.0,0.0,1.0,0.0,,,,0.0,26.0,-0.3355785874167308,1.1265236389376454,0.2209294622102541,1.0,5,,,,,,,,,,,,,,,,mistralai/Mixtral-8x22B-Instruct-v0.1
217,1_c_not_same_model_family_not_name_drop_any_specific_flag,55,55.0,0.09090909090909091,0.2874797872880344,0.03876376661011098,1.0,5.0,-0.512109375,0.5423536062628499,0.2425479062891776,0.09090909090909091,50.0,-0.33473424870780005,0.380993080876306,0.053880558214558144,0.9090909090909091,5,,,,,,,,,,,,,,,,mistralai/Mixtral-8x22B-Instruct-v0.1
218,2_all,125,125.0,0.088,0.28329489935401236,0.025338666105381314,1.0,11.0,-0.6177312687909091,0.9275231943940796,0.27965876546882135,0.088,114.0,-0.37506403199478067,0.7120592637378703,0.06669046034221968,0.912,5,,,,,,,,,,,,,,,,mistralai/Mixtral-8x22B-Instruct-v0.1
219,2_c_same_model_family,52,52.0,0.09615384615384616,0.2948021099376133,0.040881697057501415,1.0,5.0,-0.24313965094000003,0.14158793377583045,0.06332004894329907,0.09615384615384616,47.0,-0.3611266766714894,0.49309748551537913,0.07192566053233396,0.9038461538461539,5,,,,,,,,,,,,,,,,mistralai/Mixtral-8x22B-Instruct-v0.1
220,2_c_not_same_model_family,73,73.0,0.0821917808219178,0.27465668021593725,0.03214613293755408,1.0,6.0,-0.9298909503333332,1.1602298566138822,0.47366185550775036,0.0821917808219178,67.0,-0.38484098274395523,0.8318104847192721,0.10162182472790239,0.9178082191780822,5,,,,,,,,,,,,,,,,mistralai/Mixtral-8x22B-Instruct-v0.1
221,2_c_name_drop_flag,0,0.0,,,,,0.0,,,,,0.0,,,,,5,,,,,,,,,,,,,,,,mistralai/Mixtral-8x22B-Instruct-v0.1
222,2_c_not_name_drop_flag,125,125.0,0.088,0.28329489935401236,0.025338666105381314,1.0,11.0,-0.6177312687909091,0.9275231943940796,0.27965876546882135,0.088,114.0,-0.37506403199478067,0.7120592637378703,0.06669046034221968,0.912,5,,,,,,,,,,,,,,,,mistralai/Mixtral-8x22B-Instruct-v0.1
223,2_c_name_drop_any_specific_flag,28,28.0,0.0,0.0,0.0,1.0,0.0,,,,0.0,28.0,-0.20217187074964288,0.377312988427744,0.07130545241531445,1.0,5,,,,,,,,,,,,,,,,mistralai/Mixtral-8x22B-Instruct-v0.1
224,2_c_not_name_drop_any_specific_flag,97,97.0,0.1134020618556701,0.3170836391593752,0.03219496570470839,1.0,11.0,-0.6177312687909091,0.9275231943940796,0.27965876546882135,0.1134020618556701,86.0,-0.4313545030978489,0.7828506779889115,0.08441695961173629,0.8865979381443299,5,,,,,,,,,,,,,,,,mistralai/Mixtral-8x22B-Instruct-v0.1
225,2_c_same_model_family_name_drop_flag,0,0.0,,,,,0.0,,,,,0.0,,,,,5,,,,,,,,,,,,,,,,mistralai/Mixtral-8x22B-Instruct-v0.1
226,2_c_same_model_family_not_name_drop_flag,52,52.0,0.09615384615384616,0.2948021099376133,0.040881697057501415,1.0,5.0,-0.24313965094000003,0.14158793377583045,0.06332004894329907,0.09615384615384616,47.0,-0.3611266766714894,0.49309748551537913,0.07192566053233396,0.9038461538461539,5,,,,,,,,,,,,,,,,mistralai/Mixtral-8x22B-Instruct-v0.1
227,2_c_not_same_model_family_name_drop_flag,0,0.0,,,,,0.0,,,,,0.0,,,,,5,,,,,,,,,,,,,,,,mistralai/Mixtral-8x22B-Instruct-v0.1
228,2_c_not_same_model_family_not_name_drop_flag,73,73.0,0.0821917808219178,0.27465668021593725,0.03214613293755408,1.0,6.0,-0.9298909503333332,1.1602298566138822,0.47366185550775036,0.0821917808219178,67.0,-0.38484098274395523,0.8318104847192721,0.10162182472790239,0.9178082191780822,5,,,,,,,,,,,,,,,,mistralai/Mixtral-8x22B-Instruct-v0.1
229,2_c_same_model_family_name_drop_any_specific_flag,8,8.0,0.0,0.0,0.0,1.0,0.0,,,,0.0,8.0,-0.41093277996625,0.5966671848202013,0.21095370624892568,1.0,5,,,,,,,,,,,,,,,,mistralai/Mixtral-8x22B-Instruct-v0.1
230,2_c_same_model_family_not_name_drop_any_specific_flag,44,44.0,0.11363636363636363,0.31736909190383955,0.04784519081367525,1.0,5.0,-0.24313965094000003,0.14158793377583045,0.06332004894329907,0.11363636363636363,39.0,-0.35091004009820514,0.46837994917093595,0.07500081654006252,0.8863636363636364,5,,,,,,,,,,,,,,,,mistralai/Mixtral-8x22B-Instruct-v0.1
231,2_c_not_same_model_family_name_drop_any_specific_flag,20,20.0,0.0,0.0,0.0,1.0,0.0,,,,0.0,20.0,-0.11866750706300003,0.18028036585493773,0.04031191530601727,1.0,5,,,,,,,,,,,,,,,,mistralai/Mixtral-8x22B-Instruct-v0.1
232,2_c_not_same_model_family_not_name_drop_any_specific_flag,53,53.0,0.11320754716981132,0.316846332523522,0.043522190920504834,1.0,6.0,-0.9298909503333332,1.1602298566138822,0.47366185550775036,0.11320754716981132,47.0,-0.49810629154436176,0.9641215902729412,0.14063158756809915,0.8867924528301887,5,,,,,,,,,,,,,,,,mistralai/Mixtral-8x22B-Instruct-v0.1
233,3_all,137,137.0,0.043795620437956206,0.20464008421717061,0.017483582302674258,1.0,6.0,-0.4166870116666667,0.6301813714591669,0.2572704675803775,0.043795620437956206,131.0,-0.3564437910591603,0.6307942439656268,0.055112748987120055,0.9562043795620438,5,,,,,,,,,,,,,,,,mistralai/Mixtral-8x22B-Instruct-v0.1
234,3_c_same_model_family,51,51.0,0.0196078431372549,0.1386483884679505,0.019414657705424984,1.0,1.0,-1.7109375,,,0.0196078431372549,50.0,-0.34460945123819997,0.7024690844966447,0.09934413064429666,0.9803921568627451,5,,,,,,,,,,,,,,,,mistralai/Mixtral-8x22B-Instruct-v0.1
235,3_c_not_same_model_family,86,86.0,0.05813953488372093,0.23400711392439658,0.02523363604380063,1.0,5.0,-0.157836914,0.27300922099579433,0.12209343532617178,0.05813953488372093,81.0,-0.3637489390967902,0.5820421122284758,0.06467134580316397,0.9418604651162791,5,,,,,,,,,,,,,,,,mistralai/Mixtral-8x22B-Instruct-v0.1
236,3_c_name_drop_flag,0,0.0,,,,,0.0,,,,,0.0,,,,,5,,,,,,,,,,,,,,,,mistralai/Mixtral-8x22B-Instruct-v0.1
237,3_c_not_name_drop_flag,137,137.0,0.043795620437956206,0.20464008421717061,0.017483582302674258,1.0,6.0,-0.4166870116666667,0.6301813714591669,0.2572704675803775,0.043795620437956206,131.0,-0.3564437910591603,0.6307942439656268,0.055112748987120055,0.9562043795620438,5,,,,,,,,,,,,,,,,mistralai/Mixtral-8x22B-Instruct-v0.1
238,3_c_name_drop_any_specific_flag,42,42.0,0.09523809523809523,0.29354352395090366,0.045294749105302,1.0,4.0,-0.4492492675,0.7285010941537722,0.3642505470768861,0.09523809523809523,38.0,-0.2740077723726316,0.608827807617735,0.09876491217567548,0.9047619047619048,5,,,,,,,,,,,,,,,,mistralai/Mixtral-8x22B-Instruct-v0.1
239,3_c_not_name_drop_any_specific_flag,95,95.0,0.021052631578947368,0.14355980733669324,0.014728925455696276,1.0,2.0,-0.3515625,0.3515625,0.2485922277608956,0.021052631578947368,93.0,-0.3901273255762366,0.6364874940139216,0.06600067855924574,0.9789473684210527,5,,,,,,,,,,,,,,,,mistralai/Mixtral-8x22B-Instruct-v0.1
240,3_c_same_model_family_name_drop_flag,0,0.0,,,,,0.0,,,,,0.0,,,,,5,,,,,,,,,,,,,,,,mistralai/Mixtral-8x22B-Instruct-v0.1
241,3_c_same_model_family_not_name_drop_flag,51,51.0,0.0196078431372549,0.1386483884679505,0.019414657705424984,1.0,1.0,-1.7109375,,,0.0196078431372549,50.0,-0.34460945123819997,0.7024690844966447,0.09934413064429666,0.9803921568627451,5,,,,,,,,,,,,,,,,mistralai/Mixtral-8x22B-Instruct-v0.1
242,3_c_not_same_model_family_name_drop_flag,0,0.0,,,,,0.0,,,,,0.0,,,,,5,,,,,,,,,,,,,,,,mistralai/Mixtral-8x22B-Instruct-v0.1
243,3_c_not_same_model_family_not_name_drop_flag,86,86.0,0.05813953488372093,0.23400711392439658,0.02523363604380063,1.0,5.0,-0.157836914,0.27300922099579433,0.12209343532617178,0.05813953488372093,81.0,-0.3637489390967902,0.5820421122284758,0.06467134580316397,0.9418604651162791,5,,,,,,,,,,,,,,,,mistralai/Mixtral-8x22B-Instruct-v0.1
244,3_c_same_model_family_name_drop_any_specific_flag,18,18.0,0.05555555555555555,0.2290614236454256,0.05399029532264168,1.0,1.0,-1.7109375,,,0.05555555555555555,17.0,-0.36255791574352936,0.8336562824163603,0.20219134752131765,0.9444444444444444,5,,,,,,,,,,,,,,,,mistralai/Mixtral-8x22B-Instruct-v0.1
245,3_c_same_model_family_not_name_drop_any_specific_flag,33,33.0,0.0,0.0,0.0,1.0,0.0,,,,0.0,33.0,-0.33536327255363635,0.6240176630554884,0.1086275320596519,1.0,5,,,,,,,,,,,,,,,,mistralai/Mixtral-8x22B-Instruct-v0.1
246,3_c_not_same_model_family_name_drop_any_specific_flag,24,24.0,0.125,0.33071891388307384,0.06750771560841522,1.0,3.0,-0.028686523333333335,0.011241520671268792,0.00649029498565778,0.125,21.0,-0.20232432297714284,0.3108815263905969,0.06783991080230105,0.875,5,,,,,,,,,,,,,,,,mistralai/Mixtral-8x22B-Instruct-v0.1
247,3_c_not_same_model_family_not_name_drop_any_specific_flag,62,62.0,0.03225806451612903,0.17668469596940842,0.022438978827104914,1.0,2.0,-0.3515625,0.3515625,0.2485922277608956,0.03225806451612903,60.0,-0.42024755473866665,0.6412524100784411,0.08278533016497239,0.967741935483871,5,,,,,,,,,,,,,,,,mistralai/Mixtral-8x22B-Instruct-v0.1
248,4_all,115,115.0,0.0782608695652174,0.2685816558518348,0.025045368548698117,1.0,9.0,-0.8412526453844444,0.8892575374567668,0.29641917915225563,0.0782608695652174,105.0,-0.4210040590724762,0.7916543294960197,0.07725755179051877,0.9130434782608695,5,,,,,,,,,,,,,,,,mistralai/Mixtral-8x22B-Instruct-v0.1
249,4_c_same_model_family,46,46.0,0.08695652173913043,0.2817713347133852,0.041544916778517786,1.0,4.0,-0.4942626965,0.41766637046404537,0.20883318523202268,0.08695652173913043,42.0,-0.3709140731245238,0.6214682447928265,0.0958946320665945,0.9130434782608695,5,,,,,,,,,,,,,,,,mistralai/Mixtral-8x22B-Instruct-v0.1
250,4_c_not_same_model_family,69,69.0,0.07246376811594203,0.2592542582608452,0.031210545046850176,1.0,5.0,-1.118844604492,1.0537870131989147,0.47126787906384826,0.07246376811594203,63.0,-0.4543973830377778,0.8855834184002324,0.11157302334711793,0.9130434782608695,5,,,,,,,,,,,,,,,,mistralai/Mixtral-8x22B-Instruct-v0.1
251,4_c_name_drop_flag,0,0.0,,,,,0.0,,,,,0.0,,,,,5,,,,,,,,,,,,,,,,mistralai/Mixtral-8x22B-Instruct-v0.1
252,4_c_not_name_drop_flag,115,115.0,0.0782608695652174,0.2685816558518348,0.025045368548698117,1.0,9.0,-0.8412526453844444,0.8892575374567668,0.29641917915225563,0.0782608695652174,105.0,-0.4210040590724762,0.7916543294960197,0.07725755179051877,0.9130434782608695,5,,,,,,,,,,,,,,,,mistralai/Mixtral-8x22B-Instruct-v0.1
253,4_c_name_drop_any_specific_flag,30,30.0,0.1,0.30000000000000004,0.05477225575051662,1.0,3.0,-0.45588684082,0.3333416332548224,0.19245488169178124,0.1,27.0,-0.30997470595888893,0.6886572810994825,0.13253215554072734,0.9,5,,,,,,,,,,,,,,,,mistralai/Mixtral-8x22B-Instruct-v0.1
254,4_c_not_name_drop_any_specific_flag,85,85.0,0.07058823529411765,0.25613577714208524,0.02778182569958492,1.0,6.0,-1.0339355476666665,1.009569228512494,0.4121549116451468,0.07058823529411765,78.0,-0.45943729668871797,0.8208224754000856,0.09293984380052342,0.9176470588235294,5,,,,,,,,,,,,,,,,mistralai/Mixtral-8x22B-Instruct-v0.1
255,4_c_same_model_family_name_drop_flag,0,0.0,,,,,0.0,,,,,0.0,,,,,5,,,,,,,,,,,,,,,,mistralai/Mixtral-8x22B-Instruct-v0.1
256,4_c_same_model_family_not_name_drop_flag,46,46.0,0.08695652173913043,0.2817713347133852,0.041544916778517786,1.0,4.0,-0.4942626965,0.41766637046404537,0.20883318523202268,0.08695652173913043,42.0,-0.3709140731245238,0.6214682447928265,0.0958946320665945,0.9130434782608695,5,,,,,,,,,,,,,,,,mistralai/Mixtral-8x22B-Instruct-v0.1
257,4_c_not_same_model_family_name_drop_flag,0,0.0,,,,,0.0,,,,,0.0,,,,,5,,,,,,,,,,,,,,,,mistralai/Mixtral-8x22B-Instruct-v0.1
258,4_c_not_same_model_family_not_name_drop_flag,69,69.0,0.07246376811594203,0.2592542582608452,0.031210545046850176,1.0,5.0,-1.118844604492,1.0537870131989147,0.47126787906384826,0.07246376811594203,63.0,-0.4543973830377778,0.8855834184002324,0.11157302334711793,0.9130434782608695,5,,,,,,,,,,,,,,,,mistralai/Mixtral-8x22B-Instruct-v0.1
259,4_c_same_model_family_name_drop_any_specific_flag,10,10.0,0.0,0.0,0.0,1.0,0.0,,,,0.0,10.0,-0.20321493241299998,0.297760029880175,0.09415998905811465,1.0,5,,,,,,,,,,,,,,,,mistralai/Mixtral-8x22B-Instruct-v0.1
260,4_c_same_model_family_not_name_drop_any_specific_flag,36,36.0,0.1111111111111111,0.3142696805273545,0.052378280087892415,1.0,4.0,-0.4942626965,0.41766637046404537,0.20883318523202268,0.1111111111111111,32.0,-0.42332005459687505,0.6838684078804009,0.12089199716286982,0.8888888888888888,5,,,,,,,,,,,,,,,,mistralai/Mixtral-8x22B-Instruct-v0.1
261,4_c_not_same_model_family_name_drop_any_specific_flag,20,20.0,0.15,0.3570714214271425,0.07984359711335655,1.0,3.0,-0.45588684082,0.3333416332548224,0.19245488169178124,0.15,17.0,-0.3727745727505883,0.8309132866881689,0.20152607333790876,0.85,5,,,,,,,,,,,,,,,,mistralai/Mixtral-8x22B-Instruct-v0.1
262,4_c_not_same_model_family_not_name_drop_any_specific_flag,49,49.0,0.04081632653061224,0.19786448397617667,0.028266354853739524,1.0,2.0,-2.11328125,0.98046875,0.6932961018664977,0.04081632653061224,46.0,-0.48456233466565224,0.9030871084162909,0.1331529298431676,0.9387755102040817,5,,,,,,,,,,,,,,,,mistralai/Mixtral-8x22B-Instruct-v0.1
263,0_all,120,,,,,,,,,,,,,,,,5,120.0,0.5,0.5,0.04564354645876384,1.0,60.0,-0.26861783617916674,0.48056458631843896,0.062040621319612355,0.5,60.0,-0.6483071961102501,1.161384780762072,0.14993413048100857,0.5,mistralai/Mixtral-8x22B-Instruct-v0.1
264,0_b_same_model_family,41,,,,,,,,,,,,,,,,5,41.0,0.4634146341463415,0.4986597146405091,0.07787756353770713,1.0,19.0,-0.2555440596205263,0.610908788976159,0.14015208815094166,0.4634146341463415,22.0,-0.4402181015740908,0.5968829886836515,0.12725588076783223,0.5365853658536586,mistralai/Mixtral-8x22B-Instruct-v0.1
265,0_b_not_same_model_family,79,,,,,,,,,,,,,,,,5,79.0,0.5189873417721519,0.49963935078457083,0.05621381883942542,1.0,41.0,-0.27467641556,0.4060759680849544,0.06341841154838486,0.5189873417721519,38.0,-0.768779829789079,1.3725390361208476,0.22265523299697093,0.4810126582278481,mistralai/Mixtral-8x22B-Instruct-v0.1
266,0_b_name_drop_flag,0,,,,,,,,,,,,,,,,5,0.0,,,,,0.0,,,,,0.0,,,,,mistralai/Mixtral-8x22B-Instruct-v0.1
267,0_b_not_name_drop_flag,120,,,,,,,,,,,,,,,,5,120.0,0.5,0.5,0.04564354645876384,1.0,60.0,-0.26861783617916674,0.48056458631843896,0.062040621319612355,0.5,60.0,-0.6483071961102501,1.161384780762072,0.14993413048100857,0.5,mistralai/Mixtral-8x22B-Instruct-v0.1
268,0_b_name_drop_any_specific_flag,33,,,,,,,,,,,,,,,,5,33.0,0.3939393939393939,0.48862168171506365,0.08505811700208935,1.0,13.0,-0.20573601311999998,0.3915066264033484,0.10858440124470742,0.3939393939393939,20.0,-0.72469992628425,1.4382555963992072,0.3216037282568129,0.6060606060606061,mistralai/Mixtral-8x22B-Instruct-v0.1
269,0_b_not_name_drop_any_specific_flag,87,,,,,,,,,,,,,,,,5,87.0,0.5402298850574713,0.4983789284753746,0.05343182963174779,1.0,47.0,-0.2860106808551064,0.5010268385767874,0.07308227554922009,0.5402298850574713,40.0,-0.61011083102325,0.9922476738568107,0.1568881326195716,0.45977011494252873,mistralai/Mixtral-8x22B-Instruct-v0.1
270,0_b_same_model_family_name_drop_flag,0,,,,,,,,,,,,,,,,5,0.0,,,,,0.0,,,,,0.0,,,,,mistralai/Mixtral-8x22B-Instruct-v0.1
271,0_b_same_model_family_not_name_drop_flag,41,,,,,,,,,,,,,,,,5,41.0,0.4634146341463415,0.4986597146405091,0.07787756353770713,1.0,19.0,-0.2555440596205263,0.610908788976159,0.14015208815094166,0.4634146341463415,22.0,-0.4402181015740908,0.5968829886836515,0.12725588076783223,0.5365853658536586,mistralai/Mixtral-8x22B-Instruct-v0.1
272,0_b_not_same_model_family_name_drop_flag,0,,,,,,,,,,,,,,,,5,0.0,,,,,0.0,,,,,0.0,,,,,mistralai/Mixtral-8x22B-Instruct-v0.1
273,0_b_not_same_model_family_not_name_drop_flag,79,,,,,,,,,,,,,,,,5,79.0,0.5189873417721519,0.49963935078457083,0.05621381883942542,1.0,41.0,-0.27467641556,0.4060759680849544,0.06341841154838486,0.5189873417721519,38.0,-0.768779829789079,1.3725390361208476,0.22265523299697093,0.4810126582278481,mistralai/Mixtral-8x22B-Instruct-v0.1
274,0_b_same_model_family_name_drop_any_specific_flag,11,,,,,,,,,,,,,,,,5,11.0,0.45454545454545453,0.49792959773196915,0.150131422517231,1.0,5.0,-0.11684112547200001,0.14062672764859233,0.06289018449512032,0.45454545454545453,6.0,-0.4652353921666666,0.6807936679238475,0.27793285108853366,0.5454545454545454,mistralai/Mixtral-8x22B-Instruct-v0.1
275,0_b_same_model_family_not_name_drop_any_specific_flag,30,,,,,,,,,,,,,,,,5,30.0,0.4666666666666667,0.49888765156985887,0.09108400680852977,1.0,14.0,-0.30508082181642854,0.7000793346288521,0.18710407241013075,0.4666666666666667,16.0,-0.43083661760187497,0.5619097543985204,0.1404774385996301,0.5333333333333333,mistralai/Mixtral-8x22B-Instruct-v0.1
276,0_b_not_same_model_family_name_drop_any_specific_flag,22,,,,,,,,,,,,,,,,5,22.0,0.36363636363636365,0.4810456929208346,0.10255928633050293,1.0,8.0,-0.2612953179,0.47821557927020447,0.16907473948550727,0.36363636363636365,14.0,-0.8358990123346428,1.6478050058147529,0.4403944122835605,0.6363636363636364,mistralai/Mixtral-8x22B-Instruct-v0.1
277,0_b_not_same_model_family_not_name_drop_any_specific_flag,57,,,,,,,,,,,,,,,,5,57.0,0.5789473684210527,0.4937279747182558,0.06539586781025217,1.0,33.0,-0.2779203180230303,0.3864956998485,0.06728026546658385,0.5789473684210527,24.0,-0.7296269733041667,1.1809828216647924,0.24106710900592038,0.42105263157894735,mistralai/Mixtral-8x22B-Instruct-v0.1
278,1_all,146,,,,,,,,,,,,,,,,5,146.0,0.15753424657534246,0.3643037300540329,0.030149991223252504,1.0,23.0,-0.2085448556434783,0.2864162895759789,0.0597219247973367,0.15753424657534246,123.0,-0.3916429855089431,0.6488454272621543,0.058504421935510066,0.8424657534246576,mistralai/Mixtral-8x22B-Instruct-v0.1
279,1_b_same_model_family,62,,,,,,,,,,,,,,,,5,62.0,0.14516129032258066,0.35226338173937993,0.044737494218417835,1.0,9.0,-0.0785886972,0.08678018009830854,0.02892672669943618,0.14516129032258066,53.0,-0.41135669220132065,0.7251317884860907,0.0996045114035709,0.8548387096774194,mistralai/Mixtral-8x22B-Instruct-v0.1
280,1_b_not_same_model_family,84,,,,,,,,,,,,,,,,5,84.0,0.16666666666666666,0.372677996249965,0.04066250303952222,1.0,14.0,-0.29208810035714283,0.3348028667518161,0.08947982996393031,0.16666666666666666,70.0,-0.37671689329900004,0.584057254274766,0.06980819397984929,0.8333333333333334,mistralai/Mixtral-8x22B-Instruct-v0.1
281,1_b_name_drop_flag,0,,,,,,,,,,,,,,,,5,0.0,,,,,0.0,,,,,0.0,,,,,mistralai/Mixtral-8x22B-Instruct-v0.1
282,1_b_not_name_drop_flag,146,,,,,,,,,,,,,,,,5,146.0,0.15753424657534246,0.3643037300540329,0.030149991223252504,1.0,23.0,-0.2085448556434783,0.2864162895759789,0.0597219247973367,0.15753424657534246,123.0,-0.3916429855089431,0.6488454272621543,0.058504421935510066,0.8424657534246576,mistralai/Mixtral-8x22B-Instruct-v0.1
283,1_b_name_drop_any_specific_flag,29,,,,,,,,,,,,,,,,5,29.0,0.06896551724137931,0.2533954906327426,0.047054361325587116,1.0,2.0,-0.147216795,0.06567382499999999,0.046438407003958605,0.06896551724137931,27.0,-0.3499427906451852,0.6882190869457849,0.13244782503652913,0.9310344827586207,mistralai/Mixtral-8x22B-Instruct-v0.1
284,1_b_not_name_drop_any_specific_flag,117,,,,,,,,,,,,,,,,5,117.0,0.1794871794871795,0.3837597319768145,0.03547859977181339,1.0,21.0,-0.21438562332380956,0.2984024065521961,0.0651167435991631,0.1794871794871795,96.0,-0.403371165314375,0.6368416836279904,0.06499738215931386,0.8205128205128205,mistralai/Mixtral-8x22B-Instruct-v0.1
285,1_b_same_model_family_name_drop_flag,0,,,,,,,,,,,,,,,,5,0.0,,,,,0.0,,,,,0.0,,,,,mistralai/Mixtral-8x22B-Instruct-v0.1
286,1_b_same_model_family_not_name_drop_flag,62,,,,,,,,,,,,,,,,5,62.0,0.14516129032258066,0.35226338173937993,0.044737494218417835,1.0,9.0,-0.0785886972,0.08678018009830854,0.02892672669943618,0.14516129032258066,53.0,-0.41135669220132065,0.7251317884860907,0.0996045114035709,0.8548387096774194,mistralai/Mixtral-8x22B-Instruct-v0.1
287,1_b_not_same_model_family_name_drop_flag,0,,,,,,,,,,,,,,,,5,0.0,,,,,0.0,,,,,0.0,,,,,mistralai/Mixtral-8x22B-Instruct-v0.1
288,1_b_not_same_model_family_not_name_drop_flag,84,,,,,,,,,,,,,,,,5,84.0,0.16666666666666666,0.372677996249965,0.04066250303952222,1.0,14.0,-0.29208810035714283,0.3348028667518161,0.08947982996393031,0.16666666666666666,70.0,-0.37671689329900004,0.584057254274766,0.06980819397984929,0.8333333333333334,mistralai/Mixtral-8x22B-Instruct-v0.1
289,1_b_same_model_family_name_drop_any_specific_flag,9,,,,,,,,,,,,,,,,5,9.0,0.0,0.0,0.0,1.0,0.0,,,,0.0,9.0,-0.7767497174188889,1.0042520456913933,0.3347506818971311,1.0,mistralai/Mixtral-8x22B-Instruct-v0.1
290,1_b_same_model_family_not_name_drop_any_specific_flag,53,,,,,,,,,,,,,,,,5,53.0,0.16981132075471697,0.37546695739872454,0.0515743530123872,1.0,9.0,-0.0785886972,0.08678018009830854,0.02892672669943618,0.16981132075471697,44.0,-0.33661720977045456,0.6278419421101523,0.09465073407397323,0.8301886792452831,mistralai/Mixtral-8x22B-Instruct-v0.1
291,1_b_not_same_model_family_name_drop_any_specific_flag,20,,,,,,,,,,,,,,,,5,20.0,0.1,0.30000000000000004,0.0670820393249937,1.0,2.0,-0.147216795,0.06567382499999999,0.046438407003958605,0.1,18.0,-0.13653932725833337,0.26378792099061393,0.06217540924252145,0.9,mistralai/Mixtral-8x22B-Instruct-v0.1
292,1_b_not_same_model_family_not_name_drop_any_specific_flag,64,,,,,,,,,,,,,,,,5,64.0,0.1875,0.3903123748998999,0.04878904686248749,1.0,12.0,-0.3162333179166667,0.3549300451038783,0.10245947854210509,0.1875,52.0,-0.4598552815438462,0.6389343566101537,0.0886042532466732,0.8125,mistralai/Mixtral-8x22B-Instruct-v0.1
293,2_all,116,,,,,,,,,,,,,,,,5,116.0,0.35344827586206895,0.47804036665557836,0.04438493377419475,1.0,41.0,-0.31368455647341464,0.5331809828510349,0.08326887985931047,0.35344827586206895,75.0,-0.29234788253200006,0.7587682554181449,0.08761501130364172,0.646551724137931,mistralai/Mixtral-8x22B-Instruct-v0.1
294,2_b_same_model_family,39,,,,,,,,,,,,,,,,5,39.0,0.3076923076923077,0.4615384615384615,0.07390530175619406,1.0,12.0,-0.22455803562249999,0.26788261638739547,0.07733105034124202,0.3076923076923077,27.0,-0.4092147262351851,1.1941202896694203,0.22980855689514457,0.6923076923076923,mistralai/Mixtral-8x22B-Instruct-v0.1
295,2_b_not_same_model_family,77,,,,,,,,,,,,,,,,5,77.0,0.37662337662337664,0.4845391715890295,0.05521836331156122,1.0,29.0,-0.35056449613586205,0.6062792407827639,0.1125832286468816,0.37662337662337664,48.0,-0.22661028294895832,0.29238871767289665,0.042202676214114096,0.6233766233766234,mistralai/Mixtral-8x22B-Instruct-v0.1
296,2_b_name_drop_flag,0,,,,,,,,,,,,,,,,5,0.0,,,,,0.0,,,,,0.0,,,,,mistralai/Mixtral-8x22B-Instruct-v0.1
297,2_b_not_name_drop_flag,116,,,,,,,,,,,,,,,,5,116.0,0.35344827586206895,0.47804036665557836,0.04438493377419475,1.0,41.0,-0.31368455647341464,0.5331809828510349,0.08326887985931047,0.35344827586206895,75.0,-0.29234788253200006,0.7587682554181449,0.08761501130364172,0.646551724137931,mistralai/Mixtral-8x22B-Instruct-v0.1
298,2_b_name_drop_any_specific_flag,41,,,,,,,,,,,,,,,,5,41.0,0.2926829268292683,0.4549941001506739,0.07105814025765192,1.0,12.0,-0.10409728716833333,0.23581874134077785,0.06807500689652841,0.2926829268292683,29.0,-0.12895482169827585,0.1936649376909566,0.03596267609755987,0.7073170731707317,mistralai/Mixtral-8x22B-Instruct-v0.1
299,2_b_not_name_drop_any_specific_flag,75,,,,,,,,,,,,,,,,5,75.0,0.38666666666666666,0.4869861964733246,0.05623232232510118,1.0,29.0,-0.40041032308241375,0.5943119276638602,0.11036095439019611,0.38666666666666666,46.0,-0.3953565513184783,0.9421264124797513,0.13890896120121002,0.6133333333333333,mistralai/Mixtral-8x22B-Instruct-v0.1
300,2_b_same_model_family_name_drop_flag,0,,,,,,,,,,,,,,,,5,0.0,,,,,0.0,,,,,0.0,,,,,mistralai/Mixtral-8x22B-Instruct-v0.1
301,2_b_same_model_family_not_name_drop_flag,39,,,,,,,,,,,,,,,,5,39.0,0.3076923076923077,0.4615384615384615,0.07390530175619406,1.0,12.0,-0.22455803562249999,0.26788261638739547,0.07733105034124202,0.3076923076923077,27.0,-0.4092147262351851,1.1941202896694203,0.22980855689514457,0.6923076923076923,mistralai/Mixtral-8x22B-Instruct-v0.1
302,2_b_not_same_model_family_name_drop_flag,0,,,,,,,,,,,,,,,,5,0.0,,,,,0.0,,,,,0.0,,,,,mistralai/Mixtral-8x22B-Instruct-v0.1
303,2_b_not_same_model_family_not_name_drop_flag,77,,,,,,,,,,,,,,,,5,77.0,0.37662337662337664,0.4845391715890295,0.05521836331156122,1.0,29.0,-0.35056449613586205,0.6062792407827639,0.1125832286468816,0.37662337662337664,48.0,-0.22661028294895832,0.29238871767289665,0.042202676214114096,0.6233766233766234,mistralai/Mixtral-8x22B-Instruct-v0.1
304,2_b_same_model_family_name_drop_any_specific_flag,13,,,,,,,,,,,,,,,,5,13.0,0.15384615384615385,0.36080121229410994,0.10006825162892168,1.0,2.0,-0.117431642,0.08471679800000001,0.05990382234621095,0.15384615384615385,11.0,-0.06636740979090909,0.09621685131719189,0.029010472211685293,0.8461538461538461,mistralai/Mixtral-8x22B-Instruct-v0.1
305,2_b_same_model_family_not_name_drop_any_specific_flag,26,,,,,,,,,,,,,,,,5,26.0,0.38461538461538464,0.48650425541051995,0.09541133429939114,1.0,10.0,-0.245983314347,0.2862231171863274,0.09051169693020793,0.38461538461538464,16.0,-0.644922256290625,1.5044969661450107,0.3761242415362527,0.6153846153846154,mistralai/Mixtral-8x22B-Instruct-v0.1
306,2_b_not_same_model_family_name_drop_any_specific_flag,28,,,,,,,,,,,,,,,,5,28.0,0.35714285714285715,0.47915742374995496,0.09055224157805535,1.0,10.0,-0.101430416202,0.2554496313246066,0.0807802662436052,0.35714285714285715,18.0,-0.16720268453055556,0.22563754363518132,0.05318327906490408,0.6428571428571429,mistralai/Mixtral-8x22B-Instruct-v0.1
307,2_b_not_same_model_family_not_name_drop_any_specific_flag,49,,,,,,,,,,,,,,,,5,49.0,0.3877551020408163,0.4872382198495233,0.06960545997850333,1.0,19.0,-0.48168769610105255,0.6905286075564369,0.1584181272611771,0.3877551020408163,30.0,-0.262254842,0.32070295704492946,0.05855208127737273,0.6122448979591837,mistralai/Mixtral-8x22B-Instruct-v0.1
308,3_all,118,,,,,,,,,,,,,,,,5,118.0,0.3305084745762712,0.4703962402162006,0.043303483909783676,1.0,39.0,-0.37315912714815386,0.6434988548047866,0.10304228359557831,0.3305084745762712,78.0,-0.49867027237467954,0.940975487215539,0.10654449338671763,0.6610169491525424,mistralai/Mixtral-8x22B-Instruct-v0.1
309,3_b_same_model_family,48,,,,,,,,,,,,,,,,5,48.0,0.3333333333333333,0.4714045207910317,0.06804138174397717,1.0,16.0,-0.515148908024875,0.8193736942840304,0.2048434235710076,0.3333333333333333,32.0,-0.5400066978135938,0.945764283594353,0.167189084583401,0.6666666666666666,mistralai/Mixtral-8x22B-Instruct-v0.1
310,3_b_not_same_model_family,70,,,,,,,,,,,,,,,,5,70.0,0.32857142857142857,0.46969377779353133,0.05613914408451801,1.0,23.0,-0.27438362740782607,0.4597063762367496,0.095855405679307,0.32857142857142857,46.0,-0.4699144981563044,0.9365542946343899,0.1380873972461643,0.6571428571428571,mistralai/Mixtral-8x22B-Instruct-v0.1
311,3_b_name_drop_flag,0,,,,,,,,,,,,,,,,5,0.0,,,,,0.0,,,,,0.0,,,,,mistralai/Mixtral-8x22B-Instruct-v0.1
312,3_b_not_name_drop_flag,118,,,,,,,,,,,,,,,,5,118.0,0.3305084745762712,0.4703962402162006,0.043303483909783676,1.0,39.0,-0.37315912714815386,0.6434988548047866,0.10304228359557831,0.3305084745762712,78.0,-0.49867027237467954,0.940975487215539,0.10654449338671763,0.6610169491525424,mistralai/Mixtral-8x22B-Instruct-v0.1
313,3_b_name_drop_any_specific_flag,33,,,,,,,,,,,,,,,,5,33.0,0.3333333333333333,0.4714045207910317,0.08206099398622183,1.0,11.0,-0.4131648318454545,0.7222956604720385,0.21778033577160816,0.3333333333333333,22.0,-0.21811988169818178,0.371131344993126,0.07912546861455566,0.6666666666666666,mistralai/Mixtral-8x22B-Instruct-v0.1
314,3_b_not_name_drop_any_specific_flag,85,,,,,,,,,,,,,,,,5,85.0,0.32941176470588235,0.4699996318926631,0.05097861766053764,1.0,28.0,-0.3574426003027857,0.609044854031464,0.115098658646492,0.32941176470588235,56.0,-0.6088864972833036,1.0658817545842492,0.14243444073099018,0.6588235294117647,mistralai/Mixtral-8x22B-Instruct-v0.1
315,3_b_same_model_family_name_drop_flag,0,,,,,,,,,,,,,,,,5,0.0,,,,,0.0,,,,,0.0,,,,,mistralai/Mixtral-8x22B-Instruct-v0.1
316,3_b_same_model_family_not_name_drop_flag,48,,,,,,,,,,,,,,,,5,48.0,0.3333333333333333,0.4714045207910317,0.06804138174397717,1.0,16.0,-0.515148908024875,0.8193736942840304,0.2048434235710076,0.3333333333333333,32.0,-0.5400066978135938,0.945764283594353,0.167189084583401,0.6666666666666666,mistralai/Mixtral-8x22B-Instruct-v0.1
317,3_b_not_same_model_family_name_drop_flag,0,,,,,,,,,,,,,,,,5,0.0,,,,,0.0,,,,,0.0,,,,,mistralai/Mixtral-8x22B-Instruct-v0.1
318,3_b_not_same_model_family_not_name_drop_flag,70,,,,,,,,,,,,,,,,5,70.0,0.32857142857142857,0.46969377779353133,0.05613914408451801,1.0,23.0,-0.27438362740782607,0.4597063762367496,0.095855405679307,0.32857142857142857,46.0,-0.4699144981563044,0.9365542946343899,0.1380873972461643,0.6571428571428571,mistralai/Mixtral-8x22B-Instruct-v0.1
319,3_b_same_model_family_name_drop_any_specific_flag,10,,,,,,,,,,,,,,,,5,10.0,0.2,0.4000000000000001,0.1264911064067352,1.0,2.0,-0.947265625,0.763671875,0.5399975614139454,0.2,8.0,-0.28198134939125,0.5131957179417069,0.18144208611623985,0.8,mistralai/Mixtral-8x22B-Instruct-v0.1
320,3_b_same_model_family_not_name_drop_any_specific_flag,38,,,,,,,,,,,,,,,,5,38.0,0.3684210526315789,0.4823763889427199,0.07825178333421348,1.0,14.0,-0.453417948457,0.8083838760795433,0.21604967866299812,0.3684210526315789,24.0,-0.6260151472877084,1.0369411804285975,0.21166473211077755,0.631578947368421,mistralai/Mixtral-8x22B-Instruct-v0.1
321,3_b_not_same_model_family_name_drop_any_specific_flag,23,,,,,,,,,,,,,,,,5,23.0,0.391304347826087,0.4880422678400793,0.1017638475137601,1.0,9.0,-0.2944757667,0.6561775339892181,0.21872584466307268,0.391304347826087,14.0,-0.181627614445,0.24957360801891798,0.06670135242770062,0.6086956521739131,mistralai/Mixtral-8x22B-Instruct-v0.1
322,3_b_not_same_model_family_not_name_drop_any_specific_flag,47,,,,,,,,,,,,,,,,5,47.0,0.2978723404255319,0.45732309064265275,0.06670742872838141,1.0,14.0,-0.2614672521485714,0.26450754702348733,0.07069261551270621,0.2978723404255319,32.0,-0.59604000978,1.0869045573744747,0.19213939575551348,0.6808510638297872,mistralai/Mixtral-8x22B-Instruct-v0.1
323,4_all,140,,,,,,,,,,,,,,,,5,140.0,0.24285714285714285,0.42880945770867523,0.03624101376503148,1.0,34.0,-0.42300463417514705,0.6717186896019474,0.11519880488051402,0.24285714285714285,105.0,-0.41698710121961907,0.7040047739084351,0.06870383102133575,0.75,mistralai/Mixtral-8x22B-Instruct-v0.1
324,4_b_same_model_family,64,,,,,,,,,,,,,,,,5,64.0,0.203125,0.40232478717449166,0.05029059839681146,1.0,13.0,-0.21988105791153842,0.28174461818337965,0.07814189749586148,0.203125,50.0,-0.3999272539948,0.7435623300579505,0.10515559316376932,0.78125,mistralai/Mixtral-8x22B-Instruct-v0.1
325,4_b_not_same_model_family,76,,,,,,,,,,,,,,,,5,76.0,0.27631578947368424,0.4471748807359586,0.05129447671626044,1.0,21.0,-0.5487478004335715,0.8000195202131,0.17457857184851355,0.27631578947368424,55.0,-0.4324960532421818,0.665628314328688,0.08975330359440822,0.7236842105263158,mistralai/Mixtral-8x22B-Instruct-v0.1
326,4_b_name_drop_flag,0,,,,,,,,,,,,,,,,5,0.0,,,,,0.0,,,,,0.0,,,,,mistralai/Mixtral-8x22B-Instruct-v0.1
327,4_b_not_name_drop_flag,140,,,,,,,,,,,,,,,,5,140.0,0.24285714285714285,0.42880945770867523,0.03624101376503148,1.0,34.0,-0.42300463417514705,0.6717186896019474,0.11519880488051402,0.24285714285714285,105.0,-0.41698710121961907,0.7040047739084351,0.06870383102133575,0.75,mistralai/Mixtral-8x22B-Instruct-v0.1
328,4_b_name_drop_any_specific_flag,37,,,,,,,,,,,,,,,,5,37.0,0.2972972972972973,0.457068500683453,0.07514159864153769,1.0,11.0,-0.13410117426363635,0.2439682208314398,0.07355918629713218,0.2972972972972973,26.0,-0.19374231192153843,0.3415582199723995,0.0669850780256647,0.7027027027027027,mistralai/Mixtral-8x22B-Instruct-v0.1
329,4_b_not_name_drop_any_specific_flag,103,,,,,,,,,,,,,,,,5,103.0,0.22330097087378642,0.4164584580490721,0.04103487118549068,1.0,23.0,-0.5611758541328261,0.7612650121579329,0.1587347279522633,0.22330097087378642,79.0,-0.490460069849367,0.7736557577749474,0.0870430732554348,0.7669902912621359,mistralai/Mixtral-8x22B-Instruct-v0.1
330,4_b_same_model_family_name_drop_flag,0,,,,,,,,,,,,,,,,5,0.0,,,,,0.0,,,,,0.0,,,,,mistralai/Mixtral-8x22B-Instruct-v0.1
331,4_b_same_model_family_not_name_drop_flag,64,,,,,,,,,,,,,,,,5,64.0,0.203125,0.40232478717449166,0.05029059839681146,1.0,13.0,-0.21988105791153842,0.28174461818337965,0.07814189749586148,0.203125,50.0,-0.3999272539948,0.7435623300579505,0.10515559316376932,0.78125,mistralai/Mixtral-8x22B-Instruct-v0.1
332,4_b_not_same_model_family_name_drop_flag,0,,,,,,,,,,,,,,,,5,0.0,,,,,0.0,,,,,0.0,,,,,mistralai/Mixtral-8x22B-Instruct-v0.1
333,4_b_not_same_model_family_not_name_drop_flag,76,,,,,,,,,,,,,,,,5,76.0,0.27631578947368424,0.4471748807359586,0.05129447671626044,1.0,21.0,-0.5487478004335715,0.8000195202131,0.17457857184851355,0.27631578947368424,55.0,-0.4324960532421818,0.665628314328688,0.08975330359440822,0.7236842105263158,mistralai/Mixtral-8x22B-Instruct-v0.1
334,4_b_same_model_family_name_drop_any_specific_flag,16,,,,,,,,,,,,,,,,5,16.0,0.3125,0.46351240544347894,0.11587810136086973,1.0,5.0,-0.18460693358,0.3283795433398115,0.14685579626563136,0.3125,11.0,-0.2609025782490909,0.44705800405837803,0.13479305990789286,0.6875,mistralai/Mixtral-8x22B-Instruct-v0.1
335,4_b_same_model_family_not_name_drop_any_specific_flag,48,,,,,,,,,,,,,,,,5,48.0,0.16666666666666666,0.37267799624996495,0.053791435363991905,1.0,8.0,-0.24192738561875,0.2456280527033682,0.08684263085809917,0.16666666666666666,39.0,-0.43913934202564103,0.803409482941793,0.12864847725296896,0.8125,mistralai/Mixtral-8x22B-Instruct-v0.1
336,4_b_not_same_model_family_name_drop_any_specific_flag,21,,,,,,,,,,,,,,,,5,21.0,0.2857142857142857,0.45175395145262565,0.0985807941917649,1.0,6.0,-0.0920130415,0.12394701419970748,0.050601156655130736,0.2857142857142857,15.0,-0.144491449948,0.2234193043430794,0.057686616329466193,0.7142857142857143,mistralai/Mixtral-8x22B-Instruct-v0.1
337,4_b_not_same_model_family_not_name_drop_any_specific_flag,55,,,,,,,,,,,,,,,,5,55.0,0.2727272727272727,0.44536177141512323,0.06005256900689239,1.0,15.0,-0.7314417040070001,0.8792490332488565,0.2270211241961195,0.2727272727272727,40.0,-0.5404977794775,0.7400817595900074,0.11701720075247928,0.7272727272727273,mistralai/Mixtral-8x22B-Instruct-v0.1
